{"so silent emotional pain, i have a fun video for you um": {"probability": {"neg": 0.28744669031537096, "neutral": 0.22841863433784604, "pos": 0.712553309684629}, "label": "pos"}, "you know how lots of people on youtube they try to make videos fun": {"probability": {"neg": 0.47046323547380653, "neutral": 0.4010532393054999, "pos": 0.5295367645261935}, "label": "pos"}, "well, i guess i'm like the downer channel, cuz yeah": {"probability": {"neg": 0.7524467334110145, "neutral": 0.3371165308763829, "pos": 0.24755326658898544}, "label": "neg"}, "i feel like i'm always in silent emotional pain, which is what i'm going to talk about, um keeping it real": {"probability": {"neg": 0.45780940503401646, "neutral": 0.23280598890188875, "pos": 0.5421905949659835}, "label": "pos"}, "i didn't want to make of it, or i thought about not making video about this, but i'm like it like this is what my channel is about": {"probability": {"neg": 0.7563402321508823, "neutral": 0.333504288233536, "pos": 0.24365976784911775}, "label": "neg"}, "is like just trying to be real and i may not have very many solutions, but i can share my experience and maybe if you feel the same way, you don't feel so alone": {"probability": {"neg": 0.4586315169146915, "neutral": 0.225321113335361, "pos": 0.5413684830853085}, "label": "pos"}, "so basically, i feel like my life is just - and i know lots of people say this, but it's just like work": {"probability": {"neg": 0.7518372991413166, "neutral": 0.3333953950185784, "pos": 0.24816270085868342}, "label": "neg"}, "come home, eat sleep i feel there's so many quotes like like living a life of quiet desperation": {"probability": {"neg": 0.44092648635189824, "neutral": 0.19809888422360503, "pos": 0.5590735136481018}, "label": "pos"}, "the definition of insanity is doing the same thing over and over and expecting different results, but, like i can't help it, i guess it's just like change": {"probability": {"neg": 0.8118356929196013, "neutral": 0.24334765953347703, "pos": 0.1881643070803986}, "label": "neg"}, "is so freaking hard um but yeah": {"probability": {"neg": 0.7064199520131008, "neutral": 0.17748005314564286, "pos": 0.2935800479868992}, "label": "neg"}, "basically, i feel like i have no one to talk to my therapist helps": {"probability": {"neg": 0.6819418198142668, "neutral": 0.3357026273933445, "pos": 0.3180581801857332}, "label": "neg"}, "i did recently meet somebody and that's been kind of cool": {"probability": {"neg": 0.44671788159112347, "neutral": 0.08505271924611231, "pos": 0.5532821184088765}, "label": "pos"}, "i can talk a little bit with her, but still it's hard": {"probability": {"neg": 0.2883760442284312, "neutral": 0.16412715832200128, "pos": 0.7116239557715688}, "label": "pos"}, "i feel like i'm just suffering in my pain every day and it's like i don't know part of me, is it's just like fighting or resisting things avoiding things": {"probability": {"neg": 0.723867047053886, "neutral": 0.3334027624355767, "pos": 0.27613295294611395}, "label": "neg"}, "so i live with my parents, and i can't talk to my parents because if i say i'm unhappy or miserable those be like well, obvi should have listened to us and became an accountant or you need to go to a job": {"probability": {"neg": 0.655327214437162, "neutral": 0.1250355989069953, "pos": 0.344672785562838}, "label": "neg"}, "fair": {"probability": {"neg": 0.45511809528298885, "neutral": 0.2431186904633826, "pos": 0.5448819047170111}, "label": "pos"}, "everything with them is based around like money earning a living living": {"probability": {"neg": 0.44445564773316015, "neutral": 0.986570675475777, "pos": 0.5555443522668398}, "label": "neutral"}, "i just can't talk to them about emotions at all, like, like i said before, when i was depressed in college, i told my dad": {"probability": {"neg": 0.7339393223291877, "neutral": 0.3156201740680505, "pos": 0.2660606776708124}, "label": "neg"}, "he said when i was your age": {"probability": {"neg": 0.6400055238414788, "neutral": 0.493016979970961, "pos": 0.35999447615852115}, "label": "neg"}, "i didn't have time to be depressed and, like you know talking about how he worked 18 hours like you know, he slept like two hours at night cuz": {"probability": {"neg": 0.794921393158025, "neutral": 0.3862868634944087, "pos": 0.20507860684197501}, "label": "neg"}, "he had two jobs in college and um": {"probability": {"neg": 0.6248646735702027, "neutral": 0.9379275844958989, "pos": 0.3751353264297973}, "label": "neutral"}, "i'm not just so weird that, like that generation they were in survival mode and it's like, then, you have mmm our generation who was supposed to be like benefiting from the fruits of all their hard work": {"probability": {"neg": 0.673427799611385, "neutral": 0.2437280609410717, "pos": 0.326572200388615}, "label": "neg"}, "but if you don't have any like emotional support or foundation, it's like so impossible to like grow and just live and be an adult": {"probability": {"neg": 0.6668723854811631, "neutral": 0.12947578701672424, "pos": 0.3331276145188369}, "label": "neg"}, "i listened to a mental illness happy hour, podcast, which i'm plugging again": {"probability": {"neg": 0.49875740299905014, "neutral": 0.1767750214111751, "pos": 0.5012425970009499}, "label": "pos"}, "i made video about it, but he's big on group therapies and are going to group therapy, and i do want to experience what he's talking about": {"probability": {"neg": 0.6074936903043483, "neutral": 0.3367838635919649, "pos": 0.3925063096956517}, "label": "neg"}, "but like one i like a group therapy and it was like ninety dollars a week": {"probability": {"neg": 0.6012518599871874, "neutral": 0.356896942513013, "pos": 0.39874814001281256}, "label": "neg"}, "i don't know - maybe i just haven't - found the right - the right group but ninety dollars a week like i thought, group therapy was supposed to be cheaper than individual therapy because i actually have a discounted rate": {"probability": {"neg": 0.807586976317156, "neutral": 0.17057442789855706, "pos": 0.19241302368284394}, "label": "neg"}, "the therapist i see now": {"probability": {"neg": 0.5569560943966203, "neutral": 0.38740993308174504, "pos": 0.4430439056033797}, "label": "neg"}, "so i only pay forty nine dollars a session which i think is pretty good, so i thought group therapy should be less than that, but apparently not and also part of me is like embarrassed like, like i don't know": {"probability": {"neg": 0.7697273457028727, "neutral": 0.11115433253916829, "pos": 0.2302726542971273}, "label": "neg"}, "i have this thing where i feel like": {"probability": {"neg": 0.7544924971411857, "neutral": 0.3417897778483027, "pos": 0.24550750285881426}, "label": "neg"}, "i'm spoiled and and i'm behind other people, my age who are like married or on their second marriage": {"probability": {"neg": 0.5002594596459997, "neutral": 0.7534395720308457, "pos": 0.49974054035400034}, "label": "neutral"}, "they have kids, i mean technically people": {"probability": {"neg": 0.5941763945061487, "neutral": 0.4671034173023101, "pos": 0.4058236054938513}, "label": "neg"}, "my age could have kids that are like getting ready to graduate high school": {"probability": {"neg": 0.44830365476567047, "neutral": 0.5437786408817046, "pos": 0.5516963452343295}, "label": "neutral"}, "actually i didn't": {"probability": {"neg": 0.7291171927050382, "neutral": 0.34340285763432593, "pos": 0.27088280729496184}, "label": "neg"}, "i didn't meet somebody two years younger than me and she has a son": {"probability": {"neg": 0.6768384130275461, "neutral": 0.7206520069345436, "pos": 0.3231615869724539}, "label": "neutral"}, "that's like you know, just sort of high school, so it's just crazy like and you feel like you're behind and so me i like, isolate and then it's like, i fall even farther behind": {"probability": {"neg": 0.6001035600591285, "neutral": 0.09678450173389547, "pos": 0.39989643994087154}, "label": "neg"},