{"anyhow, i was a cone if you can't tell by like the first few seconds, i'm more miserable than today": {"probability": {"neg": 0.691153233225211, "neutral": 0.19806385669445234, "pos": 0.3088467667747889}, "label": "neg"}, "that's yesterday, so i literally spent the entire day in bed just doing nothing just like screwing around on my phone and but i'm still gon na blog cuz": {"probability": {"neg": 0.6852857308079181, "neutral": 0.16741575314138232, "pos": 0.31471426919208195}, "label": "neg"}, "it's what i do yeah it's it's been a day": {"probability": {"neg": 0.465245919815895, "neutral": 0.3522158017958869, "pos": 0.534754080184105}, "label": "pos"}, "i've got a headache and i'm not gon na bore you details just now": {"probability": {"neg": 0.7741291570654294, "neutral": 0.34506882537503225, "pos": 0.22587084293457055}, "label": "neg"}, "i'm i'm really sick and i took some nyquil so hopefully that'll set in soon i'll be able to get some sleep tonight": {"probability": {"neg": 0.7264274404678475, "neutral": 0.16260381340671984, "pos": 0.27357255953215254}, "label": "neg"}, "i'm hoping i can go to school, oh i kind of doubt it but yeah": {"probability": {"neg": 0.6929375822303893, "neutral": 0.0446845515760265, "pos": 0.30706241776961074}, "label": "neg"}, "i hope i'm just miserable with the moments but um, i'm still pretty happy": {"probability": {"neg": 0.5652965726619864, "neutral": 0.007670935739442052, "pos": 0.4347034273380136}, "label": "neg"}, "i like optimism wise": {"probability": {"neg": 0.2877832142108089, "neutral": 0.0416720958481897, "pos": 0.7122167857891911}, "label": "pos"}, "i just i'm not feeling the hottest um, as you can tell by": {"probability": {"neg": 0.6846364598960897, "neutral": 0.3393846038877601, "pos": 0.3153635401039103}, "label": "neg"}, "like i mean my face, looks not not firing on all cylinders, so neither was my brain as if it ever is, but yeah there's really not that much to tell about today": {"probability": {"neg": 0.8385456074113055, "neutral": 0.12363503174414708, "pos": 0.16145439258869454}, "label": "neg"}, "i'm just literally sat around doing nothing on the phone and laptop today": {"probability": {"neg": 0.7751216333627582, "neutral": 0.4423341508593395, "pos": 0.2248783666372418}, "label": "neg"}, "so that was great, you think, through being in bed all day, you'd think he'd get more rest, but not really": {"probability": {"neg": 0.6256735850208943, "neutral": 0.11133468246040806, "pos": 0.3743264149791057}, "label": "neg"}, "it's just not feeling so good yeah, whatever anyways you've": {"probability": {"neg": 0.6209663727784747, "neutral": 0.13380323675093608, "pos": 0.37903362722152534}, "label": "neg"}, "seen like all these tweets about the oscars and i'm like i wan na, follow along with": {"probability": {"neg": 0.4537510762745902, "neutral": 0.34943492756605976, "pos": 0.5462489237254098}, "label": "pos"}, "what's going on, but i'm just too do tired and do miserable doing just much anything else than being tired and miserable": {"probability": {"neg": 0.8969362965934119, "neutral": 0.09425911919216184, "pos": 0.10306370340658813}, "label": "neg"}, "i guess so yeah, i'm trying not to cough at the moment": {"probability": {"neg": 0.7133577641842758, "neutral": 0.35832172755914177, "pos": 0.28664223581572423}, "label": "neg"}, "it's pretty great anyways, here's to hoping that i'm feeling better tomorrow and that then i'll be able to do something cool": {"probability": {"neg": 0.4596602528467115, "neutral": 0.09870955348446293, "pos": 0.5403397471532885}, "label": "pos"}, "you know, thanks for watching i'll, see you around": {"probability": {"neg": 0.31084414316770403, "neutral": 0.2681203824211412, "pos": 0.689155856832296}, "label": "pos"}}