{"what's poppin y'all your boy italian, i'm back with another video last night i made well yesterday yeah last night i made that video basically telling y'all, i'm single": {"probability": {"neg": 0.6438447289057999, "neutral": 0.35282167741228737, "pos": 0.3561552710942001}, "label": "neg"}, "i have to release in that video and seeing the feedback i got from me": {"probability": {"neg": 0.5860374850587765, "neutral": 0.35840492876077173, "pos": 0.4139625149412235}, "label": "neg"}, "it wasn't a negative": {"probability": {"neg": 0.7403830436945752, "neutral": 0.22154573642413686, "pos": 0.2596169563054248}, "label": "neg"}, "it was all positive thing i was before i even started we'll get into this video heavy": {"probability": {"neg": 0.6948166021478229, "neutral": 0.16421879390505553, "pos": 0.3051833978521771}, "label": "neg"}, "i just want to say thank you for all the support, i'm saying everybody who motivated me to do better and come out on top man": {"probability": {"neg": 0.5022964165969622, "neutral": 0.17014431698949165, "pos": 0.4977035834030378}, "label": "neg"}, "i just want to say thank you for all the support": {"probability": {"neg": 0.4387952613207442, "neutral": 0.3353059243071385, "pos": 0.5612047386792558}, "label": "pos"}, "thank you for being there for me": {"probability": {"neg": 0.3573650611760236, "neutral": 0.3442919485172149, "pos": 0.6426349388239764}, "label": "pos"}, "you know what i'm saying, but i feel like i feel like i don't really get no sleep": {"probability": {"neg": 0.7900789507437536, "neutral": 0.0006080795215334891, "pos": 0.2099210492562465}, "label": "neg"}, "last night i was up - and i was thinking in my mind - was - was just racing": {"probability": {"neg": 0.758680000782106, "neutral": 0.34416115552419013, "pos": 0.241319999217894}, "label": "neg"}, "i think i think i was at my lowest last night": {"probability": {"neg": 0.7434033664487798, "neutral": 0.3426995085422349, "pos": 0.25659663355122014}, "label": "neg"}, "i tried to": {"probability": {"neg": 0.7237001233383382, "neutral": 0.6651035068246913, "pos": 0.27629987666166184}, "label": "neutral"}, "i tried to like hurry up and just like one of my brain is shut down": {"probability": {"neg": 0.7689993033668194, "neutral": 0.24773402140431233, "pos": 0.23100069663318062}, "label": "neg"}, "you know what i'm saying i sat down to like diary": {"probability": {"neg": 0.6641588022143263, "neutral": 0.2414483168815463, "pos": 0.33584119778567373}, "label": "neg"}, "anything like that, but i doing my brain is leak, so i would be overthinking how it was last night, just a few things that i'm addressing this video to also imma start addressing her stuff all right": {"probability": {"neg": 0.5934628403631228, "neutral": 0.2732247004346033, "pos": 0.4065371596368772}, "label": "neg"}, "first, things: first: why is it that everybody talking about everybody game pregnant before they get married where's my mom married before she got pregnant by your dad? was she married or did she just pop that pussy in you, had you and then give me where she pain? i even married y'all just been talking and that kind of like irritates me a little just a little bit because y'all just be talking on hearing it": {"probability": {"neg": 0.6923749736666049, "neutral": 0.5188010211590101, "pos": 0.30762502633339506}, "label": "neutral"}, "every time y'all say some shit under my picture, for my video y'all think nothing": {"probability": {"neg": 0.7167202483796538, "neutral": 0.07117943257687774, "pos": 0.28327975162034624}, "label": "neg"}, "i can't clap back or i can't say shit back y'all wan na play the victim when i say something back y'all wan na order, maybe even meaning like that": {"probability": {"neg": 0.7743400835672773, "neutral": 0.28315372826026547, "pos": 0.22565991643272265}, "label": "neg"}, "why would you say the shit? how would you like, if i woulda said shit like that to you, you know what i'm saying it's just like it's just it that y'all got her": {"probability": {"neg": 0.5835647252726108, "neutral": 0.08145924733720572, "pos": 0.41643527472738917}, "label": "neg"}, "y'all got ta, really think before y'all type that shit up": {"probability": {"neg": 0.682174847717784, "neutral": 0.2734243232145067, "pos": 0.317825152282216}, "label": "neg"}, "you know i'm steady playing victim a lot": {"probability": {"neg": 0.37183073528872723, "neutral": 0.18085210058457246, "pos": 0.6281692647112728}, "label": "pos"}, "every couple break up every time the baby born all the couples break up and stuff like them, and it's not even about it's, not about us having a baby and that's not even an issue debate": {"probability": {"neg": 0.3089532647012516, "neutral": 0.33963473535461636, "pos": 0.6910467352987484}, "label": "pos"}, "our baby is not an issue in our relationship": {"probability": {"neg": 0.4668815223276197, "neutral": 0.8816426535247514, "pos": 0.5331184776723803}, "label": "neutral"}, "i already told y'all in the last video y'all go watch it, but i said that i specifically said in my last video that nothing happened in our relationship": {"probability": {"neg": 0.7538105906968271, "neutral": 0.326801498267922, "pos": 0.24618940930317293}, "label": "neg"}, "man chess, neither one of us cheated or anything like that man": {"probability": {"neg": 0.605942558192254, "neutral": 0.373606773213046, "pos": 0.3940574418077461}, "label": "neg"}, "our relationship was actually perfect": {"probability": {"neg": 0.25716568700457354, "neutral": 0.5845882029045294, "pos": 0.7428343129954265}, "label": "neutral"}, "man yeah, we argue, but what couple don't argue we go back in amish? what i was saying was like what couple don't argue you know what i'm saying every couple argue: everybody argue in a relationship man, but it's just like to a certain extent": {"probability": {"neg": 0.6535705447386294, "neutral": 0.23896072726683446, "pos": 0.3464294552613706}, "label": "neg"}, "the argument hood": {"probability": {"neg": 0.4228939255986225, "neutral": 0.7749925704659395, "pos": 0.5771060744013775}, "label": "neutral"}, "it wasn't mixing well with how i was feeling you know what i'm saying, which was depressed it wasn't, it wasn't mixing wheels and every time i know, i'm saying, became isolated and wanted to isolate myself and didn't want to be around just or anybody else": {"probability": {"neg": 0.778560034001329, "neutral": 0.33400782351165875, "pos": 0.221439965998671}, "label": "neg"}, "i felt like i was hurting jazz": {"probability": {"neg": 0.7190248787430339, "neutral": 0.33995786290536434, "pos": 0.2809751212569661}, "label": "neg"}, "you know and that's one reason why i made i'm seeing a video, because i've just been feeling some type of way": {"probability": {"neg": 0.5976373681141466, "neutral": 0.33370204117106717, "pos": 0.4023626318858534}, "label": "neg"}, "this whole time - and i know some of y'all comment if some of y'all seen some of your comments on my last video and y'all was basically saying it's our notice that i don't that i really wasn't happy": {"probability": {"neg": 0.7060455609540468, "neutral": 0.12818376617564284, "pos": 0.2939544390459532}, "label": "neg"}, "it's not a one happy with the relationship": {"probability": {"neg": 0.30068978298776483, "neutral": 0.11847553749101551, "pos": 0.6993102170122352}, "label": "pos"}, "it's not the relationship i was happy with it": {"probability": {"neg": 0.3340936725186039, "neutral": 0.014787280262169146, "pos": 0.6659063274813961}, "label": "pos"}, "was me working and pushing myself so much like or not saying, like working on that main channel i'll push myself so much like my goal was to hit a million over there and i feel like i'll push myself too": {"probability": {"neg": 0.776417072593673, "neutral": 0.25197881492377966, "pos": 0.22358292740632701}, "label": "neg"}, "i push myself over a cliff": {"probability": {"neg": 0.6570110427903975, "neutral": 0.5541987299839642, "pos": 0.3429889572096026}, "label": "neutral"},