{"so i was thinking i've been pretty open about the fact that my sister committed suicide in 2007": {"probability": {"neg": 0.6282658012070137, "neutral": 0.08638971285434598, "pos": 0.37173419879298625}, "label": "neg"}, "and i've been getting a lot of questions from people on the internet of, like i": {"probability": {"neg": 0.593184550245019, "neutral": 0.359073319242358, "pos": 0.406815449754981}, "label": "neg"}}