{"first of all, i want to apologize to each and every single one of you that subscribes to authentic mental health and who is watching this video i right now so depressed": {"probability": {"neg": 0.5419866847200254, "neutral": 0.20287661266130416, "pos": 0.4580133152799746}, "label": "neg"}, "i feel just terrible and in this video i just want to explain how i feel i just want to be real": {"probability": {"neg": 0.8670665413342868, "neutral": 0.1762618169437216, "pos": 0.13293345866571313}, "label": "neg"}, "i just want to be open and i just want to be honest": {"probability": {"neg": 0.4894995255057806, "neutral": 0.10764021523626995, "pos": 0.5105004744942194}, "label": "pos"}, "i'm sick of feeling like this - and i think this video in a very strange messed-up way can help some of you that are watching this": {"probability": {"neg": 0.7247407774301058, "neutral": 0.15820800748569647, "pos": 0.2752592225698942}, "label": "neg"}, "i don't know many of you can relate to this video": {"probability": {"neg": 0.4620657235336133, "neutral": 0.16809471529161232, "pos": 0.5379342764663867}, "label": "pos"}, "i'm sure many of you feel how i'm about to tell you how i feel so for those of you that are subscribed to my other channel": {"probability": {"neg": 0.39994420253656504, "neutral": 0.1383797816496584, "pos": 0.600055797463435}, "label": "pos"}, "you will already know this, but for the people that are i'll, explain to you a bit about what happened this weekend": {"probability": {"neg": 0.4146303843759478, "neutral": 0.339134702136445, "pos": 0.5853696156240522}, "label": "pos"}, "so this weekend i took my girlfriend and my grandma away for a weekend": {"probability": {"neg": 0.7018477590145522, "neutral": 0.7010561073702591, "pos": 0.29815224098544785}, "label": "neutral"}, "you know just to get a break": {"probability": {"neg": 0.5272209681536582, "neutral": 0.8208681562501091, "pos": 0.47277903184634185}, "label": "neutral"}, "i wanted to treat my grandma and my girlfriend i didn't want to leave": {"probability": {"neg": 0.67819011349398, "neutral": 0.3427748196264094, "pos": 0.32180988650602005}, "label": "neg"}, "my grandma at home had fantastic time stayed in a fantastic hotel and it was just you know a perfect weekend": {"probability": {"neg": 0.1446107022360652, "neutral": 0.30040345947115493, "pos": 0.8553892977639348}, "label": "pos"}, "couldn't have been better really and i got home a couple of hours go and i just you know, broke down, i it's difficult for me to even begin to tell you how i'm feeling right now": {"probability": {"neg": 0.8179086824232696, "neutral": 0.11172509150151766, "pos": 0.18209131757673036}, "label": "neg"}, "first of all, i feel ashamed and i know that's a bad thing": {"probability": {"neg": 0.7682743947898126, "neutral": 0.16857968167579748, "pos": 0.23172560521018737}, "label": "neg"}, "i feel ashamed that i feel this way and although it is not nothing to be ashamed of feeling this way, i just feel ashamed": {"probability": {"neg": 0.713767447875933, "neutral": 0.34019548719858556, "pos": 0.286232552124067}, "label": "neg"}, "everyone always says you shouldn't be ashamed to be depressed or anxious or suffer from a mental illness, and i say that myself": {"probability": {"neg": 0.6478243038472473, "neutral": 0.17396977135781796, "pos": 0.3521756961527527}, "label": "neg"}, "i've said that on many videos you shouldn't be ashamed, but you can't help but feel ashamed": {"probability": {"neg": 0.6084443098066075, "neutral": 0.23511519533524647, "pos": 0.3915556901933926}, "label": "neg"}, "you can you, i feel ashamed": {"probability": {"neg": 0.6000905751757843, "neutral": 0.3375689070076657, "pos": 0.39990942482421565}, "label": "neg"}, "i feel like nobody can relate to me": {"probability": {"neg": 0.7225901283293577, "neutral": 0.33580566373389015, "pos": 0.2774098716706424}, "label": "neg"}, "i feel, like nobody understands why": {"probability": {"neg": 0.657996826839637, "neutral": 0.3372362155500163, "pos": 0.342003173160363}, "label": "neg"}, "i feel this way": {"probability": {"neg": 0.5847563995771414, "neutral": 0.3531391819293132, "pos": 0.4152436004228586}, "label": "neg"}, "i feel like i've, let everybody down": {"probability": {"neg": 0.7624327340636667, "neutral": 0.24037616664094616, "pos": 0.23756726593633326}, "label": "neg"}, "first of all, i feel like i've, let you down, i feel like i've, let everybody on this channel down feeling this way": {"probability": {"neg": 0.7223591511255525, "neutral": 0.2330133616847815, "pos": 0.2776408488744475}, "label": "neg"}, "i just feel like i should be not a role model, because that's not that's not how i see myself and this channel": {"probability": {"neg": 0.7511874744083848, "neutral": 0.33341859136978874, "pos": 0.24881252559161518}, "label": "neg"}, "i just feel that when you watch me, you come to me to be feel comfortable and relate to me, but not just that": {"probability": {"neg": 0.5704535007487407, "neutral": 0.0675098821687597, "pos": 0.4295464992512593}, "label": "neg"}, "but i want to feel like i'm helping you and when i make a video like this": {"probability": {"neg": 0.8117928788278297, "neutral": 0.3384830461220932, "pos": 0.1882071211721703}, "label": "neg"}, "it makes me ashamed because i'm not really helping you am": {"probability": {"neg": 0.6862723167495424, "neutral": 0.000239427620687963, "pos": 0.31372768325045763}, "label": "neg"}, "i i'm just expressing how i feel, and i don't want to push my feelings onto you so once again, i'm so sorry i feel like i've, let my girlfriend down": {"probability": {"neg": 0.8393141287254648, "neutral": 0.11858838566588929, "pos": 0.1606858712745351}, "label": "neg"}, "you know": {"probability": {"neg": 0.4368674166588392, "neutral": 0.41633006037577464, "pos": 0.5631325833411608}, "label": "pos"}, "i love make so much with everything and she means the world to me, but i feel like i can't give her the life that she deserves": {"probability": {"neg": 0.5210931557517801, "neutral": 0.3109036855126415, "pos": 0.47890684424821994}, "label": "neg"}, "she deserves to travel, the world have a happy life, have ferrari cars and lamborghinis many massive houses": {"probability": {"neg": 0.2606372715315427, "neutral": 0.7019769845072618, "pos": 0.7393627284684573}, "label": "neutral"}, "although money isn't everything, that's how much? i think that she deserves because she's fantastic and when i feel like this, i can't i can't give her what she wants": {"probability": {"neg": 0.6526133356206483, "neutral": 0.4578296816148865, "pos": 0.34738666437935173}, "label": "neg"}, "so i feel you know ashamed and guilty and let her down feel like i've, let my family down": {"probability": {"neg": 0.6809560444701952, "neutral": 0.16471405737103365, "pos": 0.3190439555298048}, "label": "neg"}, "i feel as if you know i have a fantastic life": {"probability": {"neg": 0.1759322474673004, "neutral": 0.03751617535617875, "pos": 0.8240677525326996}, "label": "pos"}, "you know i have everyone around me that loves me all my family": {"probability": {"neg": 0.4155300088094559, "neutral": 0.3370275464413177, "pos": 0.5844699911905441}, "label": "pos"}, "they look and care for me": {"probability": {"neg": 0.44818268028811303, "neutral": 0.4227750201554284, "pos": 0.551817319711887}, "label": "pos"}, "i just and when i feel like this, i feel like i've": {"probability": {"neg": 0.770191000330032, "neutral": 0.3399446087661791, "pos": 0.22980899966996804}, "label": "neg"}, "let them down and i feel like i'm, a failure in life": {"probability": {"neg": 0.7790640120692924, "neutral": 0.2909628202861953, "pos": 0.22093598793070757}, "label": "neg"}, "i feel like i'm a failure, because i feel this way and i don't know i don't have any answers as to you know, to stop feeling this way": {"probability": {"neg": 0.8089451058979481, "neutral": 0.3341075400664903, "pos": 0.1910548941020519}, "label": "neg"},