{"what up guys it's your boy here for mina's channel here and today today is saturday and i feel a little bit guilty today, misery miserable today we're going to check the part now on a saturday": {"probability": {"neg": 0.7655882144663206, "neutral": 0.05575893934451626, "pos": 0.23441178553367942}, "label": "neg"}, "so this is saturday today so today's saturday, and so i'm gon na talk about my morning": {"probability": {"neg": 0.5660236284201869, "neutral": 0.3375796213843723, "pos": 0.43397637157981306}, "label": "neg"}, "i don't feel like doing the shay field this morning, so i feel open horrible misery": {"probability": {"neg": 0.8393443142706307, "neutral": 0.08513788826188329, "pos": 0.16065568572936925}, "label": "neg"}, "we went to taco bell today": {"probability": {"neg": 0.4195942213607152, "neutral": 0.7468882902536649, "pos": 0.5804057786392848}, "label": "neutral"}, "it was ok": {"probability": {"neg": 0.42068910464366327, "neutral": 0.2900219462511311, "pos": 0.5793108953563367}, "label": "pos"}, "this morning i took a shower to like made my four-times and i have fun with eric from yesterday, but we'll make more videos guys": {"probability": {"neg": 0.3059534834680029, "neutral": 0.22224643630442123, "pos": 0.6940465165319971}, "label": "pos"}, "i promise, and today i'm just feeling a little bit guilty today": {"probability": {"neg": 0.6090432824125851, "neutral": 0.08990193746468023, "pos": 0.39095671758741496}, "label": "neg"}, "i don't know why": {"probability": {"neg": 0.7491312038957909, "neutral": 0.33802259933583945, "pos": 0.2508687961042091}, "label": "neg"}, "sometimes i feel miserable miserable, sometimes because i didn't because i yelled my dad a little bit history of them, the air but the play day": {"probability": {"neg": 0.7961872852820739, "neutral": 0.06094891035822347, "pos": 0.2038127147179261}, "label": "neg"}, "there's how to have a good night": {"probability": {"neg": 0.43306088555793676, "neutral": 0.16001589808263675, "pos": 0.5669391144420632}, "label": "pos"}, "remember i told you it was old, it was, i just got old nervous": {"probability": {"neg": 0.3970229815681754, "neutral": 0.2813638413645243, "pos": 0.6029770184318246}, "label": "pos"}, "i don't know why i feel so guilty this anymore, maybe just my life, who knows, i just want to be happy": {"probability": {"neg": 0.5086976886422181, "neutral": 0.001204063942165373, "pos": 0.4913023113577819}, "label": "neg"}, "i just like happy stuff, no one likes to be guilty, nobody does, and i fix this problem": {"probability": {"neg": 0.7458986686870898, "neutral": 0.02121471787958157, "pos": 0.25410133131291024}, "label": "neg"}, "i thought my head doesn't understand just make it go away, just i feel a little bit guilty": {"probability": {"neg": 0.6960089238514862, "neutral": 0.08376127462672255, "pos": 0.3039910761485138}, "label": "neg"}, "we're checking the party on saturday just more just so you know - and yes, so we know sharon": {"probability": {"neg": 0.45892160455924413, "neutral": 0.18239857859890063, "pos": 0.5410783954407559}, "label": "pos"}, "today, i'm going to the library i've been worried, go to the mall": {"probability": {"neg": 0.6273891693753173, "neutral": 0.37141007425257716, "pos": 0.37261083062468275}, "label": "neg"}, "i've been busy with my die on the saturday today, so just so, you know today, saturday, and i hope to help tomorrow, i'll feel better tomorrow, tomorrow morning, on sunday for us today, i just feel murder brewery we're checking an apartment, my dad's on the other side": {"probability": {"neg": 0.6573226303110025, "neutral": 0.20339164698423465, "pos": 0.34267736968899754}, "label": "neg"}, "so i took my showers, maybe like make 4 times or five times": {"probability": {"neg": 0.639068165106125, "neutral": 0.3378349334996953, "pos": 0.36093183489387504}, "label": "neg"}, "i feel guilty to myself what i did from yesterday": {"probability": {"neg": 0.7670805595122566, "neutral": 0.061258680296253136, "pos": 0.23291944048774335}, "label": "neg"}, "i just i just wanted it like": {"probability": {"neg": 0.676174726356175, "neutral": 0.3377840085250867, "pos": 0.323825273643825}, "label": "neg"}, "i just wan na make myself feel better": {"probability": {"neg": 0.5705046838635717, "neutral": 0.1750295409832906, "pos": 0.4294953161364283}, "label": "neg"}, "i just i'm sorry i feel, will the guilt it's this morning, because i did i feel bad for this morning, so you know meals, china, i feel well, but upset well but guilty": {"probability": {"neg": 0.8564462381151223, "neutral": 0.037744316482124125, "pos": 0.14355376188487767}, "label": "neg"}, "my dad doesn't understand nothing": {"probability": {"neg": 0.7601383789784071, "neutral": 0.37878490911226814, "pos": 0.23986162102159292}, "label": "neg"}, "i feel so pissed off": {"probability": {"neg": 0.7153905212743477, "neutral": 0.34617967925023346, "pos": 0.28460947872565234}, "label": "neg"}, "i feel like young in this morning my death, but i don't you know sure yell with him or not": {"probability": {"neg": 0.6993303509774824, "neutral": 0.13051007848080579, "pos": 0.3006696490225176}, "label": "neg"}, "well guys y'all, just sometimes make me feel better just depends, actually depends how how i depends what's the situation is there just depends so yeah, and then i have a good": {"probability": {"neg": 0.5240845039481697, "neutral": 0.1503712461759847, "pos": 0.47591549605183026}, "label": "neg"}, "i didn't have a": {"probability": {"neg": 0.7306622554628371, "neutral": 0.3413332444424088, "pos": 0.26933774453716286}, "label": "neg"}, "i don't know": {"probability": {"neg": 0.6947344769577357, "neutral": 0.3417146759557139, "pos": 0.30526552304226423}, "label": "neg"}, "i didn't have a good date": {"probability": {"neg": 0.598340811058631, "neutral": 0.13489436180508263, "pos": 0.401659188941369}, "label": "neg"}, "this i didn't have a good morning, so i feel a little bit guilty to myself": {"probability": {"neg": 0.7197140091855418, "neutral": 0.10065568224416321, "pos": 0.2802859908144582}, "label": "neg"}, "i just woke up": {"probability": {"neg": 0.6447716682514514, "neutral": 0.37497410607232196, "pos": 0.3552283317485486}, "label": "neg"}, "i just feel kind of all obsessed": {"probability": {"neg": 0.5365457429053351, "neutral": 0.03203091123518804, "pos": 0.4634542570946649}, "label": "neg"}, "sometimes i happened sometimes once a while huh": {"probability": {"neg": 0.4812954352216392, "neutral": 0.3964507162649382, "pos": 0.5187045647783608}, "label": "pos"}, "i don't feel like being like a normal kid like": {"probability": {"neg": 0.6430025300846574, "neutral": 0.11759886606961699, "pos": 0.35699746991534265}, "label": "neg"}, "i want to be happy i want to i want to enjoy my wife's": {"probability": {"neg": 0.1705981691313707, "neutral": 0.09000887902973959, "pos": 0.8294018308686293}, "label": "pos"}, "i always have a horrible life and find it was so good": {"probability": {"neg": 0.6273403191991996, "neutral": 0.09562636536869328, "pos": 0.37265968080080036}, "label": "neg"}, "dad was just to fuck it up": {"probability": {"neg": 0.7145876126069981, "neutral": 0.5145364442079678, "pos": 0.28541238739300184}, "label": "neutral"}, "i don't know why it what's wrong with him": {"probability": {"neg": 0.8229772680222794, "neutral": 0.041205695941219055, "pos": 0.17702273197772056}, "label": "neg"}, "sometimes sometimes i'm gon na pick up the sweep": {"probability": {"neg": 0.5593333298478416, "neutral": 0.3861038097099803, "pos": 0.4406666701521584}, "label": "neg"}, "i'm sorry about this guy's, oh, oh fuck, it all wet it's: okay, just water or dry! i'm gon na get this weave because i like this leaf color": {"probability": {"neg": 0.7882034972470637, "neutral": 0.12803832782120414, "pos": 0.2117965027529362}, "label": "neg"}, "my car cult sting well guys": {"probability": {"neg": 0.5328612037649333, "neutral": 0.384793029492632, "pos": 0.4671387962350667}, "label": "neg"},