{"i feel particularly sad today, under the weight of the loss of that which i've left behind to be here in india has required a lot of sacrifices": {"probability": {"neg": 0.6883762424838099, "neutral": 0.14887730803045654, "pos": 0.3116237575161901}, "label": "neg"}, "i essentially had to just turn my life upside down and say goodbye, so many so many things are part of my identity": {"probability": {"neg": 0.662053708196476, "neutral": 0.419529719848543, "pos": 0.337946291803524}, "label": "neg"}, "there": {"probability": {"neg": 0.5040266193510634, "neutral": 0.5363592050488033, "pos": 0.49597338064893653}, "label": "neutral"}, "one thing that is really hurting my heart": {"probability": {"neg": 0.6473933496468192, "neutral": 0.01568650266511736, "pos": 0.35260665035318084}, "label": "neg"}, "well, it's great news, but it's also heavy on me": {"probability": {"neg": 0.45200168110953776, "neutral": 0.12810049272046395, "pos": 0.5479983188904622}, "label": "pos"}, "it i work for my boyfriend's company": {"probability": {"neg": 0.6870245504696777, "neutral": 0.5266408544438678, "pos": 0.31297544953032236}, "label": "neutral"}, "it's called pretty instant and i love being a part of this company": {"probability": {"neg": 0.42554977474752886, "neutral": 0.09996292608892982, "pos": 0.5744502252524711}, "label": "pos"}, "i love being on the team like we do such great work together": {"probability": {"neg": 0.26269807346530505, "neutral": 0.4741853605329194, "pos": 0.737301926534695}, "label": "pos"}, "it's a it's": {"probability": {"neg": 0.4742259744594183, "neutral": 0.3677912868437874, "pos": 0.5257740255405817}, "label": "pos"}, "a photography company design for its interactive, its design for instant sharing, live from events": {"probability": {"neg": 0.3443834069491092, "neutral": 0.5959644346321441, "pos": 0.6556165930508908}, "label": "neutral"}, "so it's a wonderful company": {"probability": {"neg": 0.14286774092294963, "neutral": 0.015933528999462754, "pos": 0.8571322590770504}, "label": "pos"}, "there's an amazing team behind it and they recently, while i've been gone, had some huge wins and i just i'm like heartbroken to not be a part of it yeah": {"probability": {"neg": 0.5066686762103043, "neutral": 0.11838637854716781, "pos": 0.4933313237896957}, "label": "neg"}, "so i'm feeling really sad and you know you can be in paradise, you can": {"probability": {"neg": 0.8692866712448691, "neutral": 0.0034243532589303756, "pos": 0.1307133287551309}, "label": "neg"}, "you can get the thing you want, but it doesn't necessarily mean you're gon na be happy when you're there they're still going to be they're still going to be all the all this stuff of life, all the choices and all the choices": {"probability": {"neg": 0.524515082802735, "neutral": 0.05897391642437361, "pos": 0.4754849171972651}, "label": "neg"}, "it's way comes down to choices": {"probability": {"neg": 0.6387081198861652, "neutral": 0.2834679825615029, "pos": 0.36129188011383484}, "label": "neg"}, "when you choose one thing, you can't have it all and i feeling the pain in mine": {"probability": {"neg": 0.7037669077827748, "neutral": 0.3157961978723447, "pos": 0.2962330922172252}, "label": "neg"}, "that's okay! so i'm here in go karna and i'm going to use internet because i've been sitting in an internet black hole for a while sitting on the students doorstep, but i really needed help": {"probability": {"neg": 0.7082275246359929, "neutral": 0.12659939337553747, "pos": 0.2917724753640071}, "label": "neg"}, "the lack of internet recently just try to upload some photos from the beach has just been impossible and just just feeling really frustrated hello, yeah, alright yeah": {"probability": {"neg": 0.8824984863494834, "neutral": 0.5641537819387744, "pos": 0.11750151365051667}, "label": "neutral"}, "so that's how i'm feeling today": {"probability": {"neg": 0.623221264240355, "neutral": 0.3429094731059112, "pos": 0.37677873575964504}, "label": "neg"}}