{"hi, this is completely unplanned, i'm tired of my life, so i wouldn't say just recently, maybe like distant past, i don't know my life has gone down the drink": {"probability": {"neg": 0.8026840835318312, "neutral": 0.2010683329575207, "pos": 0.19731591646816887}, "label": "neg"}, "i feel like i've spun out of control and i can't do anything about it": {"probability": {"neg": 0.8382604180901335, "neutral": 0.30118748663617045, "pos": 0.16173958190986645}, "label": "neg"}, "you know i'm going": {"probability": {"neg": 0.4792315565508082, "neutral": 0.353730228785585, "pos": 0.5207684434491918}, "label": "pos"}, "i don't know where i'm going with this, i feel like": {"probability": {"neg": 0.7638814121241122, "neutral": 0.3385072595695347, "pos": 0.2361185878758878}, "label": "neg"}, "i just need to talk, and then a lot of words will come out": {"probability": {"neg": 0.4947757363871228, "neutral": 0.4078175173970626, "pos": 0.5052242636128772}, "label": "pos"}, "first, we're not gon na address how childish my room is": {"probability": {"neg": 0.5640854660144132, "neutral": 0.2087145495028735, "pos": 0.43591453398558677}, "label": "neg"}, "i am a kid at heart, so, whatever second, i really want to die and here and let me tell you why it all started senior year of high school": {"probability": {"neg": 0.6383088171827748, "neutral": 0.16236339095770574, "pos": 0.36169118281722523}, "label": "neg"}, "i don't know why i've been so depressed": {"probability": {"neg": 0.7899016395518135, "neutral": 0.3345830347211555, "pos": 0.21009836044818653}, "label": "neg"}, "okay, i think": {"probability": {"neg": 0.4267289485905015, "neutral": 0.18975968850515482, "pos": 0.5732710514094985}, "label": "pos"}, "maybe it's just the transition into adulthood or, like i don't know my entire life": {"probability": {"neg": 0.694233062141927, "neutral": 0.12519297176466862, "pos": 0.30576693785807296}, "label": "neg"}, "i've been controlled up and down by my parents": {"probability": {"neg": 0.7922554592986355, "neutral": 0.24549701403316912, "pos": 0.2077445407013645}, "label": "neg"}, "i've never been able to make decisions for myself": {"probability": {"neg": 0.5291249765208765, "neutral": 0.1694890042658548, "pos": 0.47087502347912347}, "label": "neg"}, "so you know sad to say and kind of i don't even know like boo, but like codependent, like you know, i was very dependent on my parents and i cared what they thought": {"probability": {"neg": 0.7824480754585329, "neutral": 0.08899494610730957, "pos": 0.21755192454146713}, "label": "neg"}, "i cared what they would think about what i would be doing and especially when it came to becoming an adult and going to college, and they had all these high expectations": {"probability": {"neg": 0.7259787347335623, "neutral": 0.6313319263516943, "pos": 0.27402126526643766}, "label": "neutral"}, "for me at first i had everything together like i was like i'm going to college": {"probability": {"neg": 0.7075334563533999, "neutral": 0.24534437368533965, "pos": 0.29246654364660013}, "label": "neg"}, "i got accepted into penn": {"probability": {"neg": 0.6013398363407516, "neutral": 0.45801292827554535, "pos": 0.3986601636592484}, "label": "neg"}, "state like this is great whatever, but when i needed help, nobody, nobody helped me okay and not saying like": {"probability": {"neg": 0.5880865688570964, "neutral": 0.12709442087748732, "pos": 0.41191343114290363}, "label": "neg"}, "i wanted it right here right now": {"probability": {"neg": 0.621518336417854, "neutral": 0.16001202027252967, "pos": 0.37848166358214597}, "label": "neg"}, "i wanted out but like when i needed to help and i was open to actually starting out everything": {"probability": {"neg": 0.7147817883585319, "neutral": 0.2641085014340994, "pos": 0.28521821164146804}, "label": "neg"}, "nobody went to hell me and i just like i got here": {"probability": {"neg": 0.7875218915193813, "neutral": 0.33726399862413053, "pos": 0.21247810848061865}, "label": "neg"}, "i got here i'm here, you guys are being proud of me to my face telling me that everything's gon na be fine but you're not doing anything": {"probability": {"neg": 0.5289480243366838, "neutral": 0.08350270377394771, "pos": 0.4710519756633163}, "label": "neg"}, "to help me": {"probability": {"neg": 0.5857161728704275, "neutral": 0.5873906730508528, "pos": 0.41428382712957246}, "label": "neutral"}, "i ended up not being able to go not being able to go because you know anyway": {"probability": {"neg": 0.5150511738079755, "neutral": 0.1745728500531205, "pos": 0.4849488261920245}, "label": "neg"}, "sorry, you know not being able to go because money problems": {"probability": {"neg": 0.6537590612659627, "neutral": 0.5474173716225063, "pos": 0.3462409387340372}, "label": "neutral"}, "no look": {"probability": {"neg": 0.5673677812765474, "neutral": 0.46072664993631696, "pos": 0.43263221872345264}, "label": "neg"}, "i just felt like nobody would help me": {"probability": {"neg": 0.7130478631636794, "neutral": 0.33534185868414856, "pos": 0.28695213683632054}, "label": "neg"}, "okay, but the thing is i put myself there": {"probability": {"neg": 0.6594062668962881, "neutral": 0.17415442612063384, "pos": 0.3405937331037119}, "label": "neg"}, "you want to know why, because this dumbass never asked anybody else other than my unreliable parents for help": {"probability": {"neg": 0.6632442824445254, "neutral": 0.33000692957417765, "pos": 0.3367557175554746}, "label": "neg"}, "okay, i don't know if you guys can hear that, but annoying a lot of people that i knew try to reach out": {"probability": {"neg": 0.630172765125282, "neutral": 0.10127453519073644, "pos": 0.369827234874718}, "label": "neg"}, "i wouldn't say a lot of people": {"probability": {"neg": 0.6962469726947581, "neutral": 0.3479527237491464, "pos": 0.3037530273052419}, "label": "neg"}, "my best friend's family was very is still is actually very kind to me and they've offered to help me on multiple occasions": {"probability": {"neg": 0.5618527722690116, "neutral": 0.7034989425780861, "pos": 0.43814722773098835}, "label": "neutral"}, "why, like? where are they coming from like that? okay, i think it's gone, that they were very kind and they were all you know": {"probability": {"neg": 0.5011278761921603, "neutral": 0.09620206836815316, "pos": 0.4988721238078397}, "label": "neg"}, "you know if you ever need help come to me": {"probability": {"neg": 0.4847933680713047, "neutral": 0.40229147383354946, "pos": 0.5152066319286953}, "label": "pos"}, "we know how to help you dog cuz": {"probability": {"neg": 0.5142175229982558, "neutral": 0.6926679838569342, "pos": 0.48578247700174415}, "label": "neutral"}, "my best friend artie, is in college and she's": {"probability": {"neg": 0.4344692278653842, "neutral": 0.7896845665703826, "pos": 0.5655307721346158}, "label": "neutral"}, "you know figuring out her life and i'm just here not asking for help and that's the thing like a lot of people have so much pride like right now i came to the conclusion like": {"probability": {"neg": 0.5117883586230418, "neutral": 0.2328594626223094, "pos": 0.48821164137695816}, "label": "neg"}, "why am i like not asking these people who have offered me help for help? the reason why i was so stagnant and not asking for help? it was because i found myself so deep in, like i wouldn't say negative emotion like you know the whole time i've been motivating myself like telling myself": {"probability": {"neg": 0.7558632753258929, "neutral": 0.2008075693089573, "pos": 0.24413672467410708}, "label": "neg"}, "i can do this i can get through this, like you know, trying to be an to mist, which is something i'm not very good at, but i've been trying and it's helped a lot": {"probability": {"neg": 0.6240862461979785, "neutral": 0.07354365641929628, "pos": 0.3759137538020215}, "label": "neg"},