{"today's one of those days today is one of those miserable days there": {"probability": {"neg": 0.7034828325774364, "neutral": 0.0990878562321636, "pos": 0.2965171674225636}, "label": "neg"}, "i have to force myself just stand to be here where i can't see anything positive in me": {"probability": {"neg": 0.7939508537347935, "neutral": 0.22638574116001864, "pos": 0.20604914626520657}, "label": "neg"}, "one of those days where i hate myself so much she's, not gon na, be good": {"probability": {"neg": 0.6468797576356797, "neutral": 0.17231719396371212, "pos": 0.3531202423643203}, "label": "neg"}}