{"for my friends who doesn't understand turkish, this is a suicide note": {"probability": {"neg": 0.6555138459003592, "neutral": 0.8408313586222045, "pos": 0.3444861540996408}, "label": "neutral"}, "sorry, i just wanted to thank you all for being in my life, bringing joy and inspiration to my life and being as awesome as you": {"probability": {"neg": 0.19540420941327252, "neutral": 0.12472954719334277, "pos": 0.8045957905867275}, "label": "pos"}, "you are all of you": {"probability": {"neg": 0.3498171636170032, "neutral": 0.3867986629374544, "pos": 0.6501828363829968}, "label": "pos"}, "i love you all, not all": {"probability": {"neg": 0.3487920150754721, "neutral": 0.15906315691257727, "pos": 0.6512079849245279}, "label": "pos"}}