{"hi, my name is alexa": {"probability": {"neg": 0.5215790957578748, "neutral": 0.6799945729532086, "pos": 0.47842090424212524}, "label": "neutral"}, "if this is the first time you're seeing me - and this is something that is extremely hard to talk about - it's something - i've been trying to make a video of for the past ten days and every single day failing - and i hope today is the day that i have the courage to talk about this, i feel i need to give a trigger warning if the mention of suicide is going to set you off a lot": {"probability": {"neg": 0.7735745736405981, "neutral": 0.24405149089406897, "pos": 0.2264254263594019}, "label": "neg"}, "i have resources in the description bar": {"probability": {"neg": 0.5818340853850203, "neutral": 0.38976719114153696, "pos": 0.4181659146149797}, "label": "neg"}, "please check them out if you are struggling with the idea": {"probability": {"neg": 0.4838153418188721, "neutral": 0.6133005446769336, "pos": 0.5161846581811279}, "label": "neutral"}, "if it's something that you've dealt with, if you've lost somebody to suicide - and you can't hear the mention of it - please reach out to people": {"probability": {"neg": 0.6447403778539467, "neutral": 0.3025804165845705, "pos": 0.3552596221460534}, "label": "neg"}, "i have resources": {"probability": {"neg": 0.5524926191998744, "neutral": 0.35933448136488666, "pos": 0.44750738080012564}, "label": "neg"}, "people in your life want to help you": {"probability": {"neg": 0.32122314554467224, "neutral": 0.6114130594316167, "pos": 0.6787768544553278}, "label": "neutral"}, "i promise": {"probability": {"neg": 0.5277958816781193, "neutral": 0.362643925514834, "pos": 0.4722041183218807}, "label": "neg"}, "that being said, i want to talk about this thing": {"probability": {"neg": 0.6574199460604402, "neutral": 0.3485724932073626, "pos": 0.3425800539395598}, "label": "neg"}, "that's on my heart and in my mind constantly - and it is suicide in traditional social media and tv shows": {"probability": {"neg": 0.2532447651689882, "neutral": 0.3331367894836179, "pos": 0.7467552348310118}, "label": "pos"}, "suicide has recently been romanticized and it has been mentioned a lot and there's been a huge increase of teenagers that have been found in the emergency room due to suicide attempts and hearing that makes me feel like": {"probability": {"neg": 0.6400892473432984, "neutral": 0.12845154251343502, "pos": 0.3599107526567015}, "label": "neg"}, "i need to share this story of what happened to me and something that has impacted my life every single day, since it happened five years ago, one of the people i cared about in the world the most um": {"probability": {"neg": 0.52802335511094, "neutral": 0.5480203026859612, "pos": 0.47197664488906}, "label": "neutral"}, "this is when it gets hard": {"probability": {"neg": 0.5885282175249325, "neutral": 0.1734694868706661, "pos": 0.41147178247506755}, "label": "neg"}, "it took her own life": {"probability": {"neg": 0.2906495148192818, "neutral": 0.5647127946022588, "pos": 0.7093504851807182}, "label": "neutral"}, "this is why i haven't been able to film it": {"probability": {"neg": 0.6340904133684171, "neutral": 0.1261884790523576, "pos": 0.36590958663158296}, "label": "neg"}, "this is coming from somebody that has had those thoughts, somebody that has had to get a lot of help because of having those thoughts": {"probability": {"neg": 0.6035203168031311, "neutral": 0.8530623613556898, "pos": 0.3964796831968688}, "label": "neutral"}, "i'm not gon na tell the story of how it happened or what happened, because i don't think it's fair to her and i don't think it's fair to me and i don't think it's fair to you guys, but i just kind of want to sit for a little bit and talk about what it's like, after what it's like, leaving the people that love you behind, even when you feel like nobody loves you, because it sucks the way that i've described losing a friend to suicide is basically when you love somebody, you give them a little piece of your heart and when people break your heart i mean you eventually get that little piece back": {"probability": {"neg": 0.7718988082658156, "neutral": 0.13252912730808977, "pos": 0.22810119173418436}, "label": "neg"}, "you find that piece and you're able to kind of mend your heart, but when you lose a friend to suicide, especially you don't ever get that little piece back": {"probability": {"neg": 0.35423924070467483, "neutral": 0.5169993428528455, "pos": 0.6457607592953252}, "label": "neutral"}, "it's like this empty little hole in your heart that eats away at you forever": {"probability": {"neg": 0.6221955784647808, "neutral": 0.1697470629380966, "pos": 0.3778044215352192}, "label": "neg"}, "it's always confusing, and it doesn't make sense, and i know how she was feeling before she took her own life, because i've been in that place where i thought that was an option, and i thought that was something that would make things better": {"probability": {"neg": 0.5702286046567312, "neutral": 0.13359263347747966, "pos": 0.4297713953432688}, "label": "neg"}, "and i thought that would just fix all my problems and i it doesn't use everybody that you care about with so many more": {"probability": {"neg": 0.677409449982353, "neutral": 0.16676934676673374, "pos": 0.322590550017647}, "label": "neg"}, "i guess all i can say to somebody that's contemplating any in their own life": {"probability": {"neg": 0.6162536591880426, "neutral": 0.023174804267184063, "pos": 0.38374634081195735}, "label": "neg"}, "is that you can't, i didn't feel like you": {"probability": {"neg": 0.7303468571580244, "neutral": 0.30085162710382335, "pos": 0.2696531428419756}, "label": "neg"}, "can i know you feel like it's gon na fix everything i know from my friend": {"probability": {"neg": 0.6416576227656818, "neutral": 0.33542555842453686, "pos": 0.35834237723431817}, "label": "neg"}, "i can't even imagine the amount of pain that she went through before she decided to make this decision this permanent decision that can never be taken back and i'd suck at first": {"probability": {"neg": 0.6776583557054372, "neutral": 0.34919081459441, "pos": 0.3223416442945628}, "label": "neg"}, "i didn't believe it was real": {"probability": {"neg": 0.7037503984865745, "neutral": 0.29171083380578505, "pos": 0.29624960151342544}, "label": "neg"}, "i spent a lot of time convincing myself, it wasn't real and it didn't happen and then, for a long time i was angry because the friend that was always there for me": {"probability": {"neg": 0.7379620470857218, "neutral": 0.12286463689193113, "pos": 0.2620379529142782}, "label": "neg"}, "it wasn't there for me through this": {"probability": {"neg": 0.6998412592747525, "neutral": 0.33950893202363847, "pos": 0.30015874072524745}, "label": "neg"}, "they weren't, even here it's like the worst heartbreak ever because it can't be fixed": {"probability": {"neg": 0.8898785036957502, "neutral": 0.19573343111824196, "pos": 0.11012149630424989}, "label": "neg"}, "i know before she entered her own life, she felt like nobody loved her and that nobody was going to love her": {"probability": {"neg": 0.3923118478095662, "neutral": 0.7060514853973334, "pos": 0.6076881521904338}, "label": "neutral"}, "it's not true": {"probability": {"neg": 0.4638767026467825, "neutral": 0.17074256874758373, "pos": 0.5361232973532175}, "label": "pos"}, "when you take your own life, you rob yourself of all these people in the future that want to love you and want to know you and want to be around you": {"probability": {"neg": 0.3507580704725657, "neutral": 0.6460741569090076, "pos": 0.6492419295274343}, "label": "neutral"}, "when you take your own life, you don't even give it a chance": {"probability": {"neg": 0.34475977330243923, "neutral": 0.056288165565645316, "pos": 0.6552402266975608}, "label": "pos"}, "you don't give it a chance to get better": {"probability": {"neg": 0.26423131323086824, "neutral": 0.1865446795549042, "pos": 0.7357686867691318}, "label": "pos"},