{"hi, my name is elena by one and twenty i'm tired of trying anymore": {"probability": {"neg": 0.8467553934420498, "neutral": 0.2966413058437796, "pos": 0.1532446065579503}, "label": "neg"}, "i get teased all my life and i can't take it anymore": {"probability": {"neg": 0.5741820051773467, "neutral": 0.31226059732909345, "pos": 0.42581799482265326}, "label": "neg"}, "the pain it's too hard, i'm saying goodbyes, all my friends, family and loved one": {"probability": {"neg": 0.5728979278268209, "neutral": 0.12087861437930109, "pos": 0.42710207217317914}, "label": "neg"}, "i will miss you a lot": {"probability": {"neg": 0.5446511983295624, "neutral": 0.33925226865289176, "pos": 0.45534880167043756}, "label": "neg"}, "i just can't that take the pain, i've cut myself like toiletries and i will do whatever i can to just die tonight": {"probability": {"neg": 0.7320077922483244, "neutral": 0.3011063286051333, "pos": 0.2679922077516757}, "label": "neg"}, "i don't know what to do like": {"probability": {"neg": 0.708742514533511, "neutral": 0.3396552214600497, "pos": 0.291257485466489}, "label": "neg"}, "i even found myself, but when you see this is going to be fun, that's one thing i do to myself": {"probability": {"neg": 0.5319581748918231, "neutral": 0.26704929969909685, "pos": 0.46804182510817693}, "label": "neg"}, "i can't take it anymore, that's not one": {"probability": {"neg": 0.7483520081680048, "neutral": 0.3020317861288986, "pos": 0.25164799183199515}, "label": "neg"}, "i can't take it": {"probability": {"neg": 0.718316620105852, "neutral": 0.30703679774917425, "pos": 0.2816833798941481}, "label": "neg"}}