{"anthony please just let me come out": {"probability": {"neg": 0.7130950294269963, "neutral": 0.40588852797960334, "pos": 0.2869049705730037}, "label": "neg"}, "oh just let me go back, i can't be here anymore": {"probability": {"neg": 0.817668411843139, "neutral": 0.31805203566802503, "pos": 0.18233158815686096}, "label": "neg"}, "i don't want to block you": {"probability": {"neg": 0.6422635363299587, "neutral": 0.3368456576900407, "pos": 0.3577364636700413}, "label": "neg"}, "i want to block your anymore": {"probability": {"neg": 0.5434356878909761, "neutral": 0.36282163279835195, "pos": 0.45656431210902393}, "label": "neg"}, "how am i think it'd, be you won't come back? fine remember: what's going to happen, is your own fault? it's your own mistake": {"probability": {"neg": 0.39607393850592665, "neutral": 0.15492990922093908, "pos": 0.6039260614940734}, "label": "pos"}, "you caused what's going to happen, so we something i've noticed about life life in general": {"probability": {"neg": 0.39560304395863677, "neutral": 0.1683900564648173, "pos": 0.6043969560413632}, "label": "pos"}, "is we are born just to die? we live to die death": {"probability": {"neg": 0.594678501164836, "neutral": 0.7174529897849246, "pos": 0.405321498835164}, "label": "neutral"}, "death is inevitable": {"probability": {"neg": 0.5340636640078873, "neutral": 0.27526863988076816, "pos": 0.46593633599211265}, "label": "neg"}, "you know it": {"probability": {"neg": 0.42551747142596985, "neutral": 0.3752107854404818, "pos": 0.5744825285740301}, "label": "pos"}, "everybody dies but you're born just hated the second you are born": {"probability": {"neg": 0.5543579553538927, "neutral": 0.3265456018865001, "pos": 0.44564204464610735}, "label": "neg"}, "you are dying everyone watching this video you're dying right now, i'm dying right now, that's inevitable! you can't escape death, you can only prolong it, but for others, or for some that comes late in for others": {"probability": {"neg": 0.7471911504905893, "neutral": 0.12951296543152835, "pos": 0.25280884950941074}, "label": "neg"}, "f comes early in the fact of that fact that it's come to way": {"probability": {"neg": 0.6264884859393809, "neutral": 0.24576859414914567, "pos": 0.3735115140606191}, "label": "neg"}, "it's going to come down to you the fact that life, it's gotten so dark for it": {"probability": {"neg": 0.7094298397144995, "neutral": 0.23346904390160875, "pos": 0.29057016028550053}, "label": "neg"}, "the fact they're talking is a heedful": {"probability": {"neg": 0.6798152414722557, "neutral": 0.6854889842561804, "pos": 0.3201847585277443}, "label": "neutral"}, "i feel it has to you magnified the fact that has come to the point": {"probability": {"neg": 0.6536482441786424, "neutral": 0.3350268682081012, "pos": 0.34635175582135763}, "label": "neg"}, "so after kill myself and then turn kill him": {"probability": {"neg": 0.6806802024356765, "neutral": 0.9934504212378744, "pos": 0.3193197975643235}, "label": "neutral"}, "i don't want him to die, but if you think i know he deserves it, i deserve it": {"probability": {"neg": 0.6491536777517298, "neutral": 0.34851400144873734, "pos": 0.35084632224827017}, "label": "neg"}, "this life is a hard life to live": {"probability": {"neg": 0.41320655239368653, "neutral": 0.7819211664536114, "pos": 0.5867934476063135}, "label": "neutral"}, "this place is a hopeful place to live in everybody": {"probability": {"neg": 0.31637135470044364, "neutral": 0.7949283905333729, "pos": 0.6836286452995564}, "label": "neutral"}, "who's subscribed to the channel to all these friends and family into my own, even though i don't think making heartless to everybody": {"probability": {"neg": 0.49862996995259445, "neutral": 0.046219700699639786, "pos": 0.5013700300474055}, "label": "pos"}, "i apologize for what you're gon na have to watch, but anthony brought this on himself": {"probability": {"neg": 0.5968440962989277, "neutral": 0.33888413402416423, "pos": 0.4031559037010724}, "label": "neg"}, "i'm sorry! that's fine! so the point that's gotten to you, but when i've had enough i've had enough - and i don't want to be anymore - and he hope was headed me out": {"probability": {"neg": 0.818352949470725, "neutral": 0.12549762250109617, "pos": 0.18164705052927502}, "label": "neg"}, "this doesn't do anything": {"probability": {"neg": 0.7051559454665854, "neutral": 0.5075156048184509, "pos": 0.2948440545334146}, "label": "neutral"}, "i'm sorry for this": {"probability": {"neg": 0.8340228213329863, "neutral": 0.025620282752768217, "pos": 0.1659771786670137}, "label": "neg"}, "i truly from the bottom of my heart": {"probability": {"neg": 0.6763225435851012, "neutral": 0.3468554210263899, "pos": 0.3236774564148988}, "label": "neg"}, "i'm sorry! this is the darkness that i had to scape": {"probability": {"neg": 0.8384891563364736, "neutral": 0.012161145965580628, "pos": 0.16151084366352636}, "label": "neg"}, "i cannot escape while living so anthony, giving you one last chance, one final chance to come back": {"probability": {"neg": 0.5400849237497444, "neutral": 0.6997581210629896, "pos": 0.45991507625025563}, "label": "neutral"}, "what is no escape for either of us": {"probability": {"neg": 0.6484615201599513, "neutral": 0.36225738029259885, "pos": 0.35153847984004877}, "label": "neg"}, "i mean you except they come back": {"probability": {"neg": 0.6965996485428126, "neutral": 0.6476149213910373, "pos": 0.30340035145718736}, "label": "neutral"}, "you wanted an escape, you got it, but now i want to escape and i can't get it so i'll force an escape": {"probability": {"neg": 0.6954161205491975, "neutral": 0.304885944496433, "pos": 0.3045838794508024}, "label": "neg"}, "just like you forced an escape the references you created an escape and i'm going to destroy the escape so anthony": {"probability": {"neg": 0.6369866132724797, "neutral": 0.3144100209919855, "pos": 0.36301338672752026}, "label": "neg"}, "you have one final chance to come out": {"probability": {"neg": 0.44472739965024366, "neutral": 0.42857834810098877, "pos": 0.5552726003497563}, "label": "pos"}, "why are you gon na make me do this fuck, you fuck you, you making me have to do this": {"probability": {"neg": 0.8380643694869057, "neutral": 0.1482807612539262, "pos": 0.1619356305130944}, "label": "neg"}, "i didn't want to come to this": {"probability": {"neg": 0.6787734898589023, "neutral": 0.3595264459808001, "pos": 0.3212265101410977}, "label": "neg"}, "i didn't want to have to die": {"probability": {"neg": 0.7465607070939195, "neutral": 0.34676070648009816, "pos": 0.25343929290608047}, "label": "neg"}, "to escape, you forced my hand": {"probability": {"neg": 0.5732443555705377, "neutral": 0.5828675579573347, "pos": 0.42675564442946234}, "label": "neutral"}, "you forced it i'm sorry they already who has two witnesses and who has to live with this decision with my decision": {"probability": {"neg": 0.7763422649623359, "neutral": 0.6395285836013785, "pos": 0.2236577350376641}, "label": "neutral"}, "i'm sorry don't think this is the coward's way out": {"probability": {"neg": 0.8478047363934822, "neutral": 0.00783391706280851, "pos": 0.1521952636065178}, "label": "neg"}, "this is the hardest decision": {"probability": {"neg": 0.6339047844896638, "neutral": 0.7512564649085983, "pos": 0.3660952155103362}, "label": "neutral"}, "i've ever had to make remember": {"probability": {"neg": 0.5706920497260337, "neutral": 0.35828265043017765, "pos": 0.4293079502739663}, "label": "neg"}, "[ music, ] [, music, ], [ applause, ], [, music, ],": {"probability": {"neg": 0.3877858714808705, "neutral": 0.5790672398347515, "pos": 0.6122141285191295}, "label": "neutral"}}