{"[, music ], i'm just dumb": {"probability": {"neg": 0.632863786101103, "neutral": 0.18864798407775926, "pos": 0.3671362138988969}, "label": "neg"}, "i'm tired of feeling this way, i'm tired of taking fucking medications": {"probability": {"neg": 0.8217200107790302, "neutral": 0.09798488214038775, "pos": 0.17827998922096974}, "label": "neg"}, "everyone, even oh, no further back, there's something wrong with me": {"probability": {"neg": 0.826438727084398, "neutral": 0.18308881009694444, "pos": 0.17356127291560192}, "label": "neg"}, "what's wrong, is i survived? i fucking survived": {"probability": {"neg": 0.7944098111792162, "neutral": 0.07656094946624295, "pos": 0.20559018882078384}, "label": "neg"}, "i don't know why i kind of just died in the damn hospital, but it was so much easier than anything to deal with this much easier": {"probability": {"neg": 0.6775393715083127, "neutral": 0.18960125006278813, "pos": 0.3224606284916873}, "label": "neg"}, "you understand understand i'm trying to be happy in front of my voice": {"probability": {"neg": 0.47968932947714515, "neutral": 0.011938315337457867, "pos": 0.5203106705228548}, "label": "pos"}, "yes, so he's okay like try to tell maureen [ music ]": {"probability": {"neg": 0.41172095419352306, "neutral": 0.5370295981744193, "pos": 0.5882790458064769}, "label": "neutral"}, "what do you think babies can't do this fucked up? like me, [ music, ], [, music, ], we're gon na be hated by people, because no one wants to help me": {"probability": {"neg": 0.7971901783971055, "neutral": 0.2054695264471521, "pos": 0.2028098216028945}, "label": "neg"}, "don't he be": {"probability": {"neg": 0.5980871542693593, "neutral": 0.446727548441483, "pos": 0.4019128457306406}, "label": "neg"}}