{"hey everybody i'm over at my brother's, a grave cody": {"probability": {"neg": 0.6308801798435053, "neutral": 0.39523792075432634, "pos": 0.36911982015649475}, "label": "neg"}, "you know these fasting laws have been feeling pretty lonely without him and uh": {"probability": {"neg": 0.5898816598098084, "neutral": 0.19033057918185156, "pos": 0.41011834019019155}, "label": "neg"}, "in that i broke up with my ex, and i you know when you really love someone, you try to do everything get and you feel like you give it all, but the other person just don't think it is": {"probability": {"neg": 0.7142528027639548, "neutral": 0.12022263405592998, "pos": 0.28574719723604525}, "label": "neg"}, "you know i just don't know what to do anymore loving": {"probability": {"neg": 0.5402728105819293, "neutral": 0.023317043081276505, "pos": 0.45972718941807067}, "label": "neg"}, "this is a way you know go through my little scrapbook she made for me": {"probability": {"neg": 0.5145335226275931, "neutral": 0.18188931646805676, "pos": 0.48546647737240695}, "label": "neg"}, "here's the pictures i mean cody did": {"probability": {"neg": 0.6580026467735665, "neutral": 0.10830959683906309, "pos": 0.3419973532264335}, "label": "neg"}, "did everything just don't appeal it they would": {"probability": {"neg": 0.6811271377771588, "neutral": 0.39515778993318995, "pos": 0.3188728622228412}, "label": "neg"}, "you know one of my friends came to me the other day and told me that another friend what i thought was a friend he told me he was screwing just screwing around with her": {"probability": {"neg": 0.611484137936632, "neutral": 0.7938915013525641, "pos": 0.388515862063368}, "label": "neutral"}, "you know i didn't want to believe it, but then there was just more facts that kept adding up, and you know i don't know if their church this day": {"probability": {"neg": 0.7364017325516157, "neutral": 0.18495526750943, "pos": 0.2635982674483844}, "label": "neg"}, "you know she said they're, not a true, but they just don't know it just eats me inside": {"probability": {"neg": 0.637455990907071, "neutral": 0.20078195949241642, "pos": 0.362544009092929}, "label": "neg"}, "you know this would mean the my brother cody would just like you know he was in love with queen and i guess is the same situation with me": {"probability": {"neg": 0.7359199463213342, "neutral": 0.3783102354803544, "pos": 0.2640800536786658}, "label": "neg"}, "i love thailand, you know i'm not gon na, say any names of who did it, but you know you are, and you know what you did to cody while you was in the hospital was wrong, but i'm tired of the way society is today with no": {"probability": {"neg": 0.6550203715872376, "neutral": 0.17097636703900046, "pos": 0.3449796284127624}, "label": "neg"}, "no, nobody wants to be loyal to their partner this ridiculous and he kills me, you know how can you be in a relationship with someone and then go and cheat on them and do all this? you know and say you love that person's bunch of bullshit": {"probability": {"neg": 0.771578783646656, "neutral": 0.7725255873311349, "pos": 0.22842121635334398}, "label": "neutral"}, "now, when i won my buddy cody first lady, don't before he passed away, he told me that all he wanted to go fishing with me": {"probability": {"neg": 0.7147694040052254, "neutral": 0.32090980525649065, "pos": 0.2852305959947746}, "label": "neg"}, "you didn't": {"probability": {"neg": 0.6489811161806032, "neutral": 0.3766785153010779, "pos": 0.3510188838193969}, "label": "neg"}, "let me, with my have a vision for this is what you just think it's time for me to come home workers, i'm not doing anything with my life": {"probability": {"neg": 0.5603752941165142, "neutral": 0.33369114970825126, "pos": 0.4396247058834858}, "label": "neg"}, "you don't want to it's like a big ol, dallart monster people love with on the board, mom help until you love you next boys, beautiful best friend, thanks for always being there for me, the thing is, i got a little more of me and nice that one from you, you know some people just take it for granted, especially meeting you and i hate it is not right": {"probability": {"neg": 0.5384934827098506, "neutral": 0.15436147280779555, "pos": 0.4615065172901494}, "label": "neg"}, "you know i wish i would look see anymore and you want me to go to the beach and go fishing with you when i was younger, but i wanted to say, is i'd? buy the games? i'm sorry! i don't wish to spend more time with you good": {"probability": {"neg": 0.7967771111905179, "neutral": 0.1640078717909885, "pos": 0.20322288880948214}, "label": "neg"}, "oh, no, you gloving care about me, that's better! nothing! it you just like me! it won't do you know we get attached too easy, and i love you": {"probability": {"neg": 0.6667924275727882, "neutral": 0.15556753144880023, "pos": 0.3332075724272118}, "label": "neg"}, "oh hope you have a brat pichet who broke break you're, beautiful and all of you": {"probability": {"neg": 0.1673873924675251, "neutral": 0.09597987362669497, "pos": 0.8326126075324749}, "label": "pos"}, "no, no": {"probability": {"neg": 0.684074076479745, "neutral": 0.5327351386261362, "pos": 0.31592592352025495}, "label": "neutral"}, "we must know, eat all the time, but can i told you i hated you a lot": {"probability": {"neg": 0.6840191859441254, "neutral": 0.10605384635279273, "pos": 0.3159808140558747}, "label": "neg"}, "i love you broken": {"probability": {"neg": 0.4283281337050274, "neutral": 0.2372181832371262, "pos": 0.5716718662949726}, "label": "pos"}, "you know just because i said those words": {"probability": {"neg": 0.4915189030618232, "neutral": 0.3409155374128811, "pos": 0.5084810969381768}, "label": "pos"}, "i mean them in true love": {"probability": {"neg": 0.436580020412781, "neutral": 0.6981079171027571, "pos": 0.563419979587219}, "label": "neutral"}, "you yeah, you're, gon na be an athlete like no reset": {"probability": {"neg": 0.4845676020154659, "neutral": 0.3371854727689043, "pos": 0.5154323979845341}, "label": "pos"}, "i love you and let those friends who always tell it to me about everything niggling would be jake alec": {"probability": {"neg": 0.41959400708849415, "neutral": 0.13892926400470654, "pos": 0.5804059929115059}, "label": "pos"}, "that would encourage you guys we're always there [ music ] ladies get little bored, mister, so much and i'm mr": {"probability": {"neg": 0.4908276959982316, "neutral": 0.1453997669447523, "pos": 0.5091723040017684}, "label": "pos"}, "cody them so much": {"probability": {"neg": 0.5626125392276585, "neutral": 0.3864524188733716, "pos": 0.4373874607723415}, "label": "neg"}, "you know i gave this to tyler, but on your anniversary this is forever and always i really thought we were gon na make it, but i just felt lonely, let alone you know": {"probability": {"neg": 0.4930604219397212, "neutral": 0.05040150017761679, "pos": 0.5069395780602788}, "label": "pos"}, "i get": {"probability": {"neg": 0.606971954645701, "neutral": 0.38678396958042266, "pos": 0.393028045354299}, "label": "neg"}, "oh my god": {"probability": {"neg": 0.6499593023293526, "neutral": 0.41319993390540577, "pos": 0.35004069767064744}, "label": "neg"}, "i shouldn't get all that much, but i did this is my ball": {"probability": {"neg": 0.7333974235320201, "neutral": 0.25048298164199007, "pos": 0.2666025764679799}, "label": "neg"}, "i love you": {"probability": {"neg": 0.30941868549390705, "neutral": 0.15950543553737975, "pos": 0.690581314506093}, "label": "pos"}, "tyler always have always will and there's names out there that probably had mentioned, but you know you want this ring on": {"probability": {"neg": 0.46880242299433184, "neutral": 0.35233902454924176, "pos": 0.5311975770056682}, "label": "pos"}, "does he go? this? is me saying goodbye [, music, ]": {"probability": {"neg": 0.591250686852232, "neutral": 0.3751759349411157, "pos": 0.40874931314776797}, "label": "neg"}}