{"hello, everyone and welcome to the mama weddell family": {"probability": {"neg": 0.3052934875693313, "neutral": 0.49009751613345004, "pos": 0.6947065124306687}, "label": "pos"}, "for those of you that don't know my name is jennifer and i am going to welcome you with the hello hi": {"probability": {"neg": 0.3399071406449228, "neutral": 0.034409198086183916, "pos": 0.6600928593550772}, "label": "pos"}, "this video is going to be a little bit different": {"probability": {"neg": 0.578509602204589, "neutral": 0.34601120687702497, "pos": 0.4214903977954109}, "label": "neg"}, "i experienced something that i had never experienced before": {"probability": {"neg": 0.5169851923269301, "neutral": 0.04310386302875383, "pos": 0.4830148076730699}, "label": "neg"}, "i was able to capture it on camera um": {"probability": {"neg": 0.5059915241077177, "neutral": 0.17217842726984192, "pos": 0.4940084758922823}, "label": "neg"}, "i actually called my doctor and um": {"probability": {"neg": 0.5931097627390225, "neutral": 0.3500122344706649, "pos": 0.4068902372609775}, "label": "neg"}, "she said: there's nothing wrong with you, you're, not having an adverse reaction to any kind of medication, you're having an anxiety attack": {"probability": {"neg": 0.6914720366496827, "neutral": 0.12419748539597052, "pos": 0.3085279633503173}, "label": "neg"}, "there were some things that were very stressful that that happened": {"probability": {"neg": 0.5663481792160964, "neutral": 0.2795985778621295, "pos": 0.43365182078390363}, "label": "neg"}, "so i can totally see that i will say in the footage that you're about to see i'm not choking, i could still breathe": {"probability": {"neg": 0.5062382637345613, "neutral": 0.3338731228753347, "pos": 0.4937617362654387}, "label": "neg"}, "basically, what happened is like my whole neck muscles, just in my neck and in my shoulders just tightened up, i mean like this": {"probability": {"neg": 0.8091475462251794, "neutral": 0.17130039887883627, "pos": 0.19085245377482069}, "label": "neg"}, "i mean it was like a charley horse, but in my throat and in my shoulders is very very painful": {"probability": {"neg": 0.8333162025672188, "neutral": 0.11665150394608313, "pos": 0.1666837974327812}, "label": "neg"}, "it happened several times that day and i tried to vlog": {"probability": {"neg": 0.7202558381497525, "neutral": 0.4699362985756849, "pos": 0.27974416185024753}, "label": "neg"}, "i wanted to do a vlog on what i would tell my 13 year old self": {"probability": {"neg": 0.6831427774181534, "neutral": 0.2749435021150229, "pos": 0.31685722258184656}, "label": "neg"}, "i would try and i got into it a little bit and then it started and i couldn't get it to stop and it really really scared me": {"probability": {"neg": 0.7984358893404755, "neutral": 0.05785230833599003, "pos": 0.20156411065952456}, "label": "neg"}, "i was pretty upset that day and um": {"probability": {"neg": 0.6298796454846499, "neutral": 0.027052069351352463, "pos": 0.3701203545153501}, "label": "neg"}, "it took me a few days before i could watch the footage and when i did, i realized how awful it sounded and how scary it was going through that person": {"probability": {"neg": 0.8992787046813544, "neutral": 0.10257659079307396, "pos": 0.10072129531864563}, "label": "neg"}, "i wasn't going to share it with you guys at all i mean it's a horrible video": {"probability": {"neg": 0.8914465544401382, "neutral": 0.06039999269027579, "pos": 0.10855344555986182}, "label": "neg"}, "i mean there's no way i would have ever edited it edited": {"probability": {"neg": 0.6403227746229989, "neutral": 0.10652314633829812, "pos": 0.35967722537700103}, "label": "neg"}, "who else has problems that word edited it and and put it out there as content, but i got to thinking and this experience that you and i had": {"probability": {"neg": 0.4043601577238267, "neutral": 0.3374474013361073, "pos": 0.5956398422761733}, "label": "pos"}, "i want it to be an honest one": {"probability": {"neg": 0.4452751798409438, "neutral": 0.0397568256926959, "pos": 0.5547248201590562}, "label": "pos"}, "it's more of a serious kind of honest vlog, but i have been diagnosed with anxiety disorders and take medication to help": {"probability": {"neg": 0.44713430833205636, "neutral": 0.08713945464157062, "pos": 0.5528656916679436}, "label": "pos"}, "this has never happened or experience that i want us to have is i want to": {"probability": {"neg": 0.5370687573826076, "neutral": 0.34127412574657817, "pos": 0.46293124261739244}, "label": "neg"}, "i want it to be real": {"probability": {"neg": 0.6093321022317706, "neutral": 0.280461319560318, "pos": 0.39066789776822936}, "label": "neg"}, "i want to connect with you guys, so i'm going to show you this clip and just kind of give you the inside of what this particular anxiety attack looks like anxiety comes in all different kinds of forms": {"probability": {"neg": 0.5608909703183185, "neutral": 0.13567712820538153, "pos": 0.4391090296816815}, "label": "neg"}, "you know it can happen in any way and i'm sure there are a lot of you that have experienced different types of anxiety, attacks and disorders": {"probability": {"neg": 0.21514074939348038, "neutral": 0.07550597273685333, "pos": 0.7848592506065196}, "label": "pos"}, "this was the first time that i've experienced it in this form, and so i wanted to share it with you and leave your comments below": {"probability": {"neg": 0.33824808622326996, "neutral": 0.14554977854643683, "pos": 0.66175191377673}, "label": "pos"}, "if you want to share your anxiety story with us or maybe different symptoms that you have had what you're going to see was the first time i have ever experienced anything like that, in fact, i didn't even know that was even a form of an anxiety": {"probability": {"neg": 0.4025114165942798, "neutral": 0.1309831615281265, "pos": 0.5974885834057202}, "label": "pos"}, "so if this has ever happened to you, please let me know, because i guess i'm throwing this out there cuz": {"probability": {"neg": 0.6833278224253156, "neutral": 0.33582961136973616, "pos": 0.3166721775746843}, "label": "neg"}, "i know that i'm not the only person that goes through things like this, and i don't ever want to be that person that just sits and thinks woe is me like": {"probability": {"neg": 0.8365483876864419, "neutral": 0.0008002335271065885, "pos": 0.1634516123135581}, "label": "neg"}, "i know that i'm not the only one, so i'm sharing this in hopes to reach out to some of you and maybe to be that person that you can reach out to that way that you know you're not alone": {"probability": {"neg": 0.5278777921698556, "neutral": 0.0072118910170182625, "pos": 0.47212220783014436}, "label": "neg"}, "there are a lot of us out there, especially ones of us that are on the internet": {"probability": {"neg": 0.3570752131002459, "neutral": 0.18521920545145729, "pos": 0.6429247868997541}, "label": "pos"}, "all the time tend to have the most social anxiety disorders": {"probability": {"neg": 0.4857528247268058, "neutral": 0.3114689490016228, "pos": 0.5142471752731942}, "label": "pos"}, "if you do experience any kind of symptoms like what you're about to see reach out to your doctor or a parent or a friend or someone and and get help, there's help out there to be had and you're not alone, and you don't have to go through this by yourself, so thanks for watching don't forget to click that subscribe button, and i will talk to you soon, bye, hello and welcome to the mama liddell family": {"probability": {"neg": 0.41063487547738187, "neutral": 0.111228669994875, "pos": 0.5893651245226181}, "label": "pos"}, "for those of you that don't know me, my name is jennifer and i'm going to welcome you with hello": {"probability": {"neg": 0.3809649800550693, "neutral": 0.03357217933909941, "pos": 0.6190350199449307}, "label": "pos"},