{"hey guys, so i'm sorry, so i have to move out of this house because my dad is going to jail for a year and six months stick and i am living with my mom": {"probability": {"neg": 0.8215846440358393, "neutral": 0.446563993880865, "pos": 0.1784153559641607}, "label": "neg"}, "i'm sorry guys": {"probability": {"neg": 0.8219622176663992, "neutral": 0.02640638696756702, "pos": 0.17803778233360074}, "label": "neg"}, "i just thought i'd show you guys like what i'm going to say goodbye to four yeah tomorrow i have to take everything out of this house": {"probability": {"neg": 0.6776443265588288, "neutral": 0.33891565097302717, "pos": 0.32235567344117116}, "label": "neg"}, "my dad did something, and now he gets to go to prison for a year and he's going to he's going to miss a lot of my legs i'll be a sophomore when he gets out and i'll be 15": {"probability": {"neg": 0.6325586847053553, "neutral": 0.7871276224747082, "pos": 0.3674413152946447}, "label": "neutral"}, "i have to say goodbye to all of my animals": {"probability": {"neg": 0.6676586548324771, "neutral": 0.3443191621333915, "pos": 0.3323413451675229}, "label": "neg"}, "my friend maddie is going to be taking my fish": {"probability": {"neg": 0.5842189611765515, "neutral": 0.5627862942173048, "pos": 0.4157810388234485}, "label": "neutral"}, "i grew up here guys": {"probability": {"neg": 0.5679901291113287, "neutral": 0.3479441593049126, "pos": 0.4320098708886712}, "label": "neg"}, "i have to say goodbye to my dad this house, like cuz": {"probability": {"neg": 0.7028170457898546, "neutral": 0.34111777267745885, "pos": 0.2971829542101454}, "label": "neg"}, "i can't take them with me why i'm billy, i'm not gon na, be making videos probably a couple years, maybe not even that, probably for a couple weeks and my dad's girlfriend broke up with him so yeah and if anyone wants to dogs to happen, i've asked around but no cats and also a dear chihuahua, if i can't take him, oh": {"probability": {"neg": 0.8341427709060597, "neutral": 0.3177481364299036, "pos": 0.16585722909394027}, "label": "neg"}}