{"i can't do this anymore guys i mean the wolves are just so high": {"probability": {"neg": 0.7592503714070475, "neutral": 0.20155322776456194, "pos": 0.2407496285929524}, "label": "neg"}, "oh you guys, don't see this, you don't see": {"probability": {"neg": 0.5852067318927316, "neutral": 0.34018232853002134, "pos": 0.4147932681072683}, "label": "neg"}, "you guys see me for 15 minutes a week and you think you know me, and you guys know the best parts of me in the parts of me that i want to share, but i have chronic pain as a lot of you know, i can't um": {"probability": {"neg": 0.5696384966383784, "neutral": 0.2667081106738921, "pos": 0.4303615033616216}, "label": "neg"}, "i can't keep pretending, i'm okay, when i'm really not because i'm not okay, i think i need to take a break um and i don't want to, but i need to, i need to take a break because my physical health is so bad right now and my mental health, as a result of that is really bad right now, um, i'm not gon na be gone from youtube forever guys": {"probability": {"neg": 0.7966386544803827, "neutral": 0.16095831374121386, "pos": 0.20336134551961732}, "label": "neg"}, "i have so many plans for videos and for everything um": {"probability": {"neg": 0.4642149250428864, "neutral": 0.2183173584282585, "pos": 0.5357850749571136}, "label": "pos"}, "i just need a break and i really hope you guys will support me and that you will stick around": {"probability": {"neg": 0.5035709340579316, "neutral": 0.0012366392293004201, "pos": 0.49642906594206837}, "label": "neg"}, "i don't think it's gon na be long": {"probability": {"neg": 0.6377245018241665, "neutral": 0.20078482427744282, "pos": 0.3622754981758335}, "label": "neg"}, "i think it's gon na be like two weeks to maybe a month um, but i can't um": {"probability": {"neg": 0.6418305872893093, "neutral": 0.3007617556372132, "pos": 0.35816941271069064}, "label": "neg"}, "i can't can't keep doing this right now": {"probability": {"neg": 0.7523639723843634, "neutral": 0.29754514947669075, "pos": 0.2476360276156366}, "label": "neg"}, "i can't i can't do anything other than the necessities to get through my day right now and speaking wises speaking hertz": {"probability": {"neg": 0.7222526633117403, "neutral": 0.2750414424417302, "pos": 0.2777473366882596}, "label": "neg"}, "it's part of my chronic pain speaking is painful, so making videos just isn't working right now": {"probability": {"neg": 0.7637433791904014, "neutral": 0.17144212873684148, "pos": 0.2362566208095987}, "label": "neg"}, "i've tried to film um a few times, and it's just done i'm so tired right now": {"probability": {"neg": 0.7808111743869989, "neutral": 0.18517290775179804, "pos": 0.2191888256130011}, "label": "neg"}, "i want you guys to see not just my strong days but my weekdays, because i'm not i'm not okay right now and i need you guys to be supportive, which i know you will you guys always are um": {"probability": {"neg": 0.5296210988751158, "neutral": 0.10524474803060624, "pos": 0.47037890112488423}, "label": "neg"}, "i'm gon na plan on coming back in two weeks to a month": {"probability": {"neg": 0.6261842934927965, "neutral": 0.901845477722374, "pos": 0.3738157065072035}, "label": "neutral"}, "i i really do want to": {"probability": {"neg": 0.5900799030113709, "neutral": 0.015594220118381888, "pos": 0.4099200969886291}, "label": "neg"}, "i put a lot of pressure onto myself and - and i think i put more pressure on myself than you guys put onto me because you guys are always so loving and so supportive but um": {"probability": {"neg": 0.3220847645396926, "neutral": 0.06141950549210587, "pos": 0.6779152354603074}, "label": "pos"}, "i just need a break so um, i'm gon na, say goodbye, but not goodbye forever": {"probability": {"neg": 0.626717265656755, "neutral": 0.3491976876724218, "pos": 0.37328273434324505}, "label": "neg"}, "just goodbye for a little bit um! please stick around": {"probability": {"neg": 0.5755946538317647, "neutral": 0.17973726107365184, "pos": 0.42440534616823533}, "label": "neg"}, "i promise um": {"probability": {"neg": 0.5202739649354694, "neutral": 0.34522832285684957, "pos": 0.4797260350645306}, "label": "neg"}, "i promise i'll be coming back really soon": {"probability": {"neg": 0.5280938273025086, "neutral": 0.2935566969953738, "pos": 0.4719061726974914}, "label": "neg"}, "all right! i love you guys": {"probability": {"neg": 0.34295341621567554, "neutral": 0.16700070592902516, "pos": 0.6570465837843245}, "label": "pos"}}