{"i have to say this: video, it's not it's not gon na be a happy one, but if you are like, if you're emotionally unstable anything like that, then this could be quite triggering say: don't don't what, if this is gon na upset you, oh sorry, but i'm gon na be honest with all my feelings when it comes to this, and i need to show everyone what is oh, it's really like, and this is why i say we couldn't the pain i mean": {"probability": {"neg": 0.7934499092102465, "neutral": 0.02750004157469499, "pos": 0.20655009078975345}, "label": "neg"}, "the only thing that's keeping me here at the moment is my son and it's so bad that i know, minister than him": {"probability": {"neg": 0.8477738967184977, "neutral": 0.05561218276371641, "pos": 0.1522261032815023}, "label": "neg"}, "how can anyone say something, and i really want to reach out to people no, but i can't make it i don't": {"probability": {"neg": 0.8147342910590571, "neutral": 0.15037750352209156, "pos": 0.18526570894094288}, "label": "neg"}, "i don't like this and then, if they cared about me, it would upset that i'm trying so to keep it together anymore": {"probability": {"neg": 0.7310801713666522, "neutral": 0.33616926915470574, "pos": 0.26891982863334785}, "label": "neg"}, "i can't do it": {"probability": {"neg": 0.7103332298657943, "neutral": 0.30548170685054227, "pos": 0.28966677013420566}, "label": "neg"}, "it's not like": {"probability": {"neg": 0.6285764549591796, "neutral": 0.34367874758419026, "pos": 0.3714235450408204}, "label": "neg"}, "i can go through my head": {"probability": {"neg": 0.7126894429992863, "neutral": 0.34419795610705645, "pos": 0.2873105570007138}, "label": "neg"}, "it's much as i wish more than anything at the moment i can drink until we until you have to live with this much pain": {"probability": {"neg": 0.57780864546412, "neutral": 0.2209392625272872, "pos": 0.42219135453587997}, "label": "neg"}, "you know, and i'm sorry you see me like this, but i promise to be honest and it is what we go through": {"probability": {"neg": 0.5423058647029367, "neutral": 0.01702288183007333, "pos": 0.45769413529706326}, "label": "neg"}, "so much to say that we wish we were dead": {"probability": {"neg": 0.5761172793744146, "neutral": 0.2557810182254925, "pos": 0.4238827206255854}, "label": "neg"}, "i really do everyone tells me that i know strongest person": {"probability": {"neg": 0.47063528689170375, "neutral": 0.002043574069213953, "pos": 0.5293647131082962}, "label": "pos"}, "they know not because i really thought wouldn't be ready": {"probability": {"neg": 0.712266624012347, "neutral": 0.14943558509069335, "pos": 0.28773337598765303}, "label": "neg"}}