{"um tear on this card um": {"probability": {"neg": 0.5639915088104897, "neutral": 0.43629207172305406, "pos": 0.43600849118951035}, "label": "neg"}, "basically i was wanting something": {"probability": {"neg": 0.6832038469404321, "neutral": 0.37454663517486225, "pos": 0.3167961530595679}, "label": "neg"}, "i've been really hurt for a while, and i've tried so many times to give up and it hasn't worked, and i you know if someone wants to kill himself, they would probably do it like they would find a way, and maybe because i failed, it was probably because i didn't want to just yet - or i wasn't ready to stop myself somehow right now, i feel ready": {"probability": {"neg": 0.7910622813218673, "neutral": 0.20875584610195952, "pos": 0.20893771867813268}, "label": "neg"}, "i feel like i'm just a waste of time to everyone and that i fucked up so many times that i just like it's it's getting frustrating to myself and other people": {"probability": {"neg": 0.7335569053770423, "neutral": 0.17090567260244582, "pos": 0.2664430946229577}, "label": "neg"}, "so i've got some 100": {"probability": {"neg": 0.6637492072040663, "neutral": 0.3454812701202652, "pos": 0.3362507927959337}, "label": "neg"}, "i don't really know what to drink with it": {"probability": {"neg": 0.6337820289406342, "neutral": 0.005811676734739503, "pos": 0.3662179710593659}, "label": "neg"}, "probably dinner teacher um, but doesn't matter if we just end up fucking dead after because i don't really want to deal with going back into hospitals anymore": {"probability": {"neg": 0.7818195499277347, "neutral": 0.18619956364885334, "pos": 0.21818045007226522}, "label": "neg"}, "so that's how i want to do": {"probability": {"neg": 0.7022902290309048, "neutral": 0.3413758373643179, "pos": 0.29770977096909523}, "label": "neg"}, "i don't want to spend my life in hospitals or treatment, centers or sad": {"probability": {"neg": 0.6566678399577599, "neutral": 0.00453264028013277, "pos": 0.34333216004224004}, "label": "neg"}, "i don't want to be sad forever, plus i want to be with my dad because he died": {"probability": {"neg": 0.7578096000092017, "neutral": 0.020907926924225894, "pos": 0.2421903999907983}, "label": "neg"}, "so it's kind of unfair to me that i'm just here he is there, i mean we were really close and it's not fair and i don't know - maybe it's not fair that i'm going to do this and everyone's just going to be stuck here": {"probability": {"neg": 0.8168832122241705, "neutral": 0.03403315550609257, "pos": 0.18311678777582957}, "label": "neg"}, "but hey people deal with things differently": {"probability": {"neg": 0.5227137572193279, "neutral": 0.6023836989354325, "pos": 0.47728624278067217}, "label": "neutral"}, "i guess i just do it in a bad way": {"probability": {"neg": 0.8821644920141121, "neutral": 0.11267628694727137, "pos": 0.11783550798588795}, "label": "neg"}, "some people just aren't cut out for this whole fight shit, and i honestly i truly loved every single one of you that i met": {"probability": {"neg": 0.6049480008108696, "neutral": 0.1499146335055689, "pos": 0.3950519991891303}, "label": "neg"}, "maybe i was an asshole to some of you, but this i don't know, maybe i see it easier taking it out on you, because you deal with things good": {"probability": {"neg": 0.5384095429604552, "neutral": 0.1335883881522445, "pos": 0.46159045703954477}, "label": "neg"}, "i don't know alex over chefs key": {"probability": {"neg": 0.6349944975935093, "neutral": 0.019483896826596913, "pos": 0.3650055024064907}, "label": "neg"}, "you were my boyfriend for almost eight months, and that was my first real boyfriend or i didn't know how to deal with": {"probability": {"neg": 0.7329126909058232, "neutral": 0.29898855785088324, "pos": 0.2670873090941768}, "label": "neg"}, "i didn't know how, to date, like i honestly didn't know how i'm surprised, honestly, that i losted that long, because you took my shit, you dealt with my shit, you fucking handled it for me, like i, don't know how you did that, like you were so into my problems that i feel felt like i didn't even have any at the time, and maybe that's what i missed": {"probability": {"neg": 0.8514698073092457, "neutral": 0.08666937223568354, "pos": 0.14853019269075435}, "label": "neg"}, "maybe i missed having those problems, because i just hate putting that burden on people and i'm really sorry alex": {"probability": {"neg": 0.9095773632959094, "neutral": 0.03205520333455531, "pos": 0.09042263670409059}, "label": "neg"}, "i was so confused": {"probability": {"neg": 0.7449646437949144, "neutral": 0.12045100165182639, "pos": 0.2550353562050856}, "label": "neg"}, "this is the one thing that i hate that i am so confused": {"probability": {"neg": 0.8172688132685078, "neutral": 0.07117160904050099, "pos": 0.18273118673149225}, "label": "neg"}, "you know i'm not against gays or lesbians, i'm not at all": {"probability": {"neg": 0.6404602031239335, "neutral": 0.3562140023582682, "pos": 0.3595397968760665}, "label": "neg"}, "it's just it's just confusing when it comes to yourself and what you want, because i'm always so indecisive about what i want": {"probability": {"neg": 0.60751731412951, "neutral": 0.20292747090562266, "pos": 0.39248268587048996}, "label": "neg"}, "you know - maybe i am straight or lesbian, i don't know my mom says: there's really no such thing as sexual, but i guess she just says that because she's straight and she doesn't know really, it is so uncomfortable and i'm sorry i don't mean to hurt any of you by doing this, i really don't i'm just so sad, so i guess this is goodbye seriously": {"probability": {"neg": 0.852443844065959, "neutral": 0.060534020211208385, "pos": 0.14755615593404103}, "label": "neg"}, "i love you all so much even alex fuck": {"probability": {"neg": 0.4394193373341524, "neutral": 0.1922508605266101, "pos": 0.5605806626658476}, "label": "pos"}, "i know i cheated on you": {"probability": {"neg": 0.5170412268205669, "neutral": 0.37158323180850655, "pos": 0.4829587731794332}, "label": "neg"}, "i lied to you and i said some freaking hurtful things to you": {"probability": {"neg": 0.5982913380238943, "neutral": 0.3428076385533781, "pos": 0.4017086619761057}, "label": "neg"}, "what i still do, love you and you can no right to tell me what i care about what i don't care about, because i too care probably too much and maybe that's why fuck you up and that's why i broke up with you because i didn't want to hurt you anymore and now, maybe if i keep living then i'll just continue to hurt everyone around me": {"probability": {"neg": 0.7436876875984305, "neutral": 0.1720389755037193, "pos": 0.2563123124015695}, "label": "neg"}, "what if i do this i'll hurt you all one more time and that's it": {"probability": {"neg": 0.43387963048250033, "neutral": 0.16784792644387095, "pos": 0.5661203695174997}, "label": "pos"}, "goodbye": {"probability": {"neg": 0.5504068467254006, "neutral": 0.5950890614040548, "pos": 0.44959315327459937}, "label": "neutral"}}