{"hi everyone um, i just i don't even know what to say my phone's going off": {"probability": {"neg": 0.7303748687080978, "neutral": 0.3356806120129901, "pos": 0.26962513129190224}, "label": "neg"}, "yes, i'm so done with life, and everything like everybody in my life has hurt me and honestly right now, i'm just like i used to wish for an afterlife to see my mom again, but i don't even want that anymore": {"probability": {"neg": 0.6670055861491073, "neutral": 0.15726671137807954, "pos": 0.3329944138508926}, "label": "neg"}, "i just want everything to stop": {"probability": {"neg": 0.6839386680064579, "neutral": 0.7304058073369095, "pos": 0.3160613319935422}, "label": "neutral"}, "i'm done with the pain that i feel like life isn't worth living when all i feel is pain": {"probability": {"neg": 0.6048981662606147, "neutral": 0.32578607260011866, "pos": 0.39510183373938534}, "label": "neg"}, "i just i'm so done with everything i mean it's, not even the fact of what actually happened": {"probability": {"neg": 0.7334440384167858, "neutral": 0.10724844535981816, "pos": 0.26655596158321415}, "label": "neg"}, "it's just it's": {"probability": {"neg": 0.5751604188740764, "neutral": 0.35923699856190816, "pos": 0.42483958112592357}, "label": "neg"}, "it happens all the time with everyone and i'm tired of being played with and i'm tired of feeling like shit like i'm nobody important like like honestly, i can die right now and the only people that actually care would get over it like it tears all over": {"probability": {"neg": 0.8048648836163781, "neutral": 0.07118758129740053, "pos": 0.19513511638362196}, "label": "neg"}, "my face, i just i don't think life is worth living anymore": {"probability": {"neg": 0.4352002160507036, "neutral": 0.3030677191206756, "pos": 0.5647997839492964}, "label": "pos"}, "i mean, i guess i should try to get some sleep clear my mind, but when i sleep i just don't ever want to wake up": {"probability": {"neg": 0.8493581606584971, "neutral": 0.17364863215258663, "pos": 0.15064183934150285}, "label": "neg"}, "i don't want to go through this ever again": {"probability": {"neg": 0.7760669319315814, "neutral": 0.3583690665083075, "pos": 0.22393306806841864}, "label": "neg"}, "i just wanted all the end: hey, i don't want this life me people and i know nobody really cares on here": {"probability": {"neg": 0.7880624109132037, "neutral": 0.0002488249915058932, "pos": 0.21193758908679633}, "label": "neg"}, "so i'm not really really worried about you guys": {"probability": {"neg": 0.7537399907404317, "neutral": 0.0017016190254634453, "pos": 0.24626000925956823}, "label": "neg"}, "i mean we're not there": {"probability": {"neg": 0.7292586083896104, "neutral": 0.1256291920952918, "pos": 0.2707413916103896}, "label": "neg"}, "i reckon i'm not going suicide, but i guess i'd be a hypocrite": {"probability": {"neg": 0.6765248542594158, "neutral": 0.3559932029927353, "pos": 0.3234751457405843}, "label": "neg"}, "if i said that, since i mean i've tried, i'm thinking about it now, i just i don't know what to do in life anymore": {"probability": {"neg": 0.820482025188142, "neutral": 0.1206182526765653, "pos": 0.17951797481185808}, "label": "neg"}, "i guess i guess": {"probability": {"neg": 0.7404540269713925, "neutral": 0.3466663874087587, "pos": 0.2595459730286075}, "label": "neg"}, "that's all i really matter seriously": {"probability": {"neg": 0.7140848168817261, "neutral": 0.009811534793623329, "pos": 0.2859151831182739}, "label": "neg"}, "i doubt i'm gon na pass at anything anyway, because my whole life is just screwed up": {"probability": {"neg": 0.5348170998929725, "neutral": 0.22534936329778396, "pos": 0.46518290010702745}, "label": "neg"}, "i know what i wanted out of it": {"probability": {"neg": 0.7297230712882524, "neutral": 0.35247625860259824, "pos": 0.2702769287117476}, "label": "neg"}, "i wanted to build homes for almost people": {"probability": {"neg": 0.595018514782446, "neutral": 0.35136383742216815, "pos": 0.4049814852175539}, "label": "neg"}, "i wanted to give foster kids home": {"probability": {"neg": 0.5298699617929092, "neutral": 0.41805146642575663, "pos": 0.47013003820709076}, "label": "neg"}, "i wanted to make a good school, so they could learn things that actually matter": {"probability": {"neg": 0.6245950924584154, "neutral": 0.14999413367339895, "pos": 0.3754049075415846}, "label": "neg"}, "i wanted to build": {"probability": {"neg": 0.6600963724225188, "neutral": 0.3899876788888709, "pos": 0.3399036275774811}, "label": "neg"}, "my own dream house have my own children and love them": {"probability": {"neg": 0.27323746115182423, "neutral": 0.2791063981772574, "pos": 0.7267625388481758}, "label": "pos"}, "you know when i guess everything just to our dashboard": {"probability": {"neg": 0.5847935416389115, "neutral": 0.37257964369699303, "pos": 0.4152064583610885}, "label": "neg"}, "it's like nothing's worth anything anymore": {"probability": {"neg": 0.4277887392570814, "neutral": 0.3069168018737984, "pos": 0.5722112607429186}, "label": "pos"}}