{"unavailable": {"probability": {"neg": 0.5095519989067516, "neutral": 0.5950890614040548, "pos": 0.4904480010932484}, "label": "neutral"}}