{"okay, so i'm a mess right now and i was actually going to shower even though it's almost three o'clock, but the water was all cold": {"probability": {"neg": 0.7847329577038736, "neutral": 0.11011089362659277, "pos": 0.21526704229612637}, "label": "neg"}, "so no luck, but this being a mess kind of made me want to talk about something that i've really been wanting to talk about for a while anyway": {"probability": {"neg": 0.7664646234039323, "neutral": 0.016728059312136948, "pos": 0.23353537659606766}, "label": "neg"}, "so well they're a lot of the time i think of myself as ugly, and i don't think that that's a bad thing": {"probability": {"neg": 0.8114213747061337, "neutral": 0.05588214855381268, "pos": 0.18857862529386626}, "label": "neg"}, "a lot of the time is just something that i can accept and be cool with and get on, and i can just be okay with it": {"probability": {"neg": 0.27078373772673936, "neutral": 0.1492188809696996, "pos": 0.7292162622732606}, "label": "pos"}, "just like a lot of overweight people, don't want to be told that they're not fat": {"probability": {"neg": 0.7428247499572851, "neutral": 0.3577534698397391, "pos": 0.25717525004271485}, "label": "neg"}, "i don't want to be told that i'm not ugly": {"probability": {"neg": 0.8050488314118464, "neutral": 0.0014008069249922086, "pos": 0.19495116858815367}, "label": "neg"}, "i don't want to call myself unconventionally pretty": {"probability": {"neg": 0.6348781656353651, "neutral": 0.003482118374742859, "pos": 0.36512183436463486}, "label": "neg"}, "i am happy a lot of the time to think of myself as ugly": {"probability": {"neg": 0.4819932783728593, "neutral": 0.017432460708892896, "pos": 0.5180067216271407}, "label": "pos"}, "i think ugliness only becomes a problem when you let it get in the way of your life end of living": {"probability": {"neg": 0.5818302533748094, "neutral": 0.5143888097144695, "pos": 0.4181697466251906}, "label": "neutral"}, "i can't say that i've, never let that happen, but it's something that i'm dealing with and i'm generally okay with when my appearance really gets to me and i'm feeling really gross about it": {"probability": {"neg": 0.768756139053142, "neutral": 0.20004792173063882, "pos": 0.231243860946858}, "label": "neg"}, "i try to remember a few things": {"probability": {"neg": 0.6457988642206055, "neutral": 0.3288197646316957, "pos": 0.3542011357793945}, "label": "neg"}, "one is that i am beautiful in some way, because i'm a living thing - and i think living things to me at least - have some inherent beauty": {"probability": {"neg": 0.46031577510536725, "neutral": 0.10125483144553167, "pos": 0.5396842248946327}, "label": "pos"}, "there was an interview with johnny depp a long time ago, which i saw on youtube somewhere, and i think he was asked something like what is your greatest turn-on and he said breathing": {"probability": {"neg": 0.6719010339351907, "neutral": 0.11534320213308409, "pos": 0.32809896606480926}, "label": "neg"}, "you might have just been saying that to be funny or whatever, but it's kind of true there's something really sexy and really beautiful about being alive and when you think about being alive - and you put that into perspective - and you just think about the smallest and biggest thing just breathing prettiness seems to become so insignificant and just tiny, tiny": {"probability": {"neg": 0.41295897305544216, "neutral": 0.09816481128865817, "pos": 0.5870410269445578}, "label": "pos"}, "so one way i can saw myself is by reminding myself that i am beautiful, because i am alive because i am breathing, and that is amazing": {"probability": {"neg": 0.2080002088067815, "neutral": 0.08794992950225922, "pos": 0.7919997911932185}, "label": "pos"}, "another way that i can soul myself or deal with it is by putting things again into perspective": {"probability": {"neg": 0.5946702684950871, "neutral": 0.3431897678479848, "pos": 0.4053297315049129}, "label": "neg"}, "i think about the universe and i think about human beings as a species and how actually ridiculous": {"probability": {"neg": 0.3695946084794699, "neutral": 0.1545513939430823, "pos": 0.6304053915205301}, "label": "pos"}, "we look": {"probability": {"neg": 0.39334458652119797, "neutral": 0.44362679561216484, "pos": 0.606655413478802}, "label": "pos"}, "other mammals and i've got four legs and have some kind of really elegant, gait or i mean even cows, just seem like kind of magical beings, whereas humans are covered in hair, but you can't see most of it": {"probability": {"neg": 0.7370878176454119, "neutral": 0.10619542487977301, "pos": 0.2629121823545881}, "label": "neg"}, "you just see like stuff that comes out of their heads": {"probability": {"neg": 0.46464719726551085, "neutral": 0.3493403960124342, "pos": 0.5353528027344892}, "label": "pos"}, "randomly we've got these facial features that are just like very strange, even when looking at beautiful people, if you look at them long enough, it just starts to look like ridiculous to me": {"probability": {"neg": 0.5287074758421848, "neutral": 0.16167495609544766, "pos": 0.4712925241578152}, "label": "neg"}, "at least we don't have this elegance or majestic beauty as a species that lions have or birds or anything when you put it into this perspective, everything just seems absurd": {"probability": {"neg": 0.7093317723776654, "neutral": 0.10500703635964677, "pos": 0.2906682276223346}, "label": "neg"}, "it's not absurd to recognize that you're not way that a lot of other people look, but it's absurd when you waste too much time on it": {"probability": {"neg": 0.7985707881274504, "neutral": 0.16354673400890807, "pos": 0.20142921187254959}, "label": "neg"}, "when you look at the perspective of being part of this kind of silly looking species on this planet in this solar system, in this universe, that is huge and contains life-forms that we haven't even encountered yet and that are completely foreign to us": {"probability": {"neg": 0.30160822473198123, "neutral": 0.11306511621164873, "pos": 0.6983917752680188}, "label": "pos"}, "think about that and then i come back to my face in the mirror and god i wish i just had cheekbones or some kind of facial definition": {"probability": {"neg": 0.7665968584060848, "neutral": 0.23790214733945944, "pos": 0.23340314159391518}, "label": "neg"}, "it's it's tiny": {"probability": {"neg": 0.4083336982997784, "neutral": 0.19641025531251144, "pos": 0.5916663017002216}, "label": "pos"}, "another thing that goes along with the breathing and the living is that we are living creatures, which means that we're not just alive but we're doing things": {"probability": {"neg": 0.5311368375115109, "neutral": 0.39305078014490075, "pos": 0.46886316248848914}, "label": "neg"}, "even when we're not consciously trying or aware of things we're breathing and when you actually do things other than that": {"probability": {"neg": 0.48930501469820453, "neutral": 0.231194611745541, "pos": 0.5106949853017955}, "label": "pos"}, "when you get out and you're doing stuff and when you're really engaged and excited in something, i feel like the last thing that i care about is how i look": {"probability": {"neg": 0.6613336175415799, "neutral": 0.13177621701888034, "pos": 0.33866638245842007}, "label": "neg"}, "i never want to get into this place where i feel like what i look like is more important than what i do and it seems like it's a lot easier to": {"probability": {"neg": 0.6517139800302711, "neutral": 0.08552068017778604, "pos": 0.34828601996972886}, "label": "neg"}, "let myself not do anything and to hold back, because i don't feel that i have a certain appearance for some reason that that exempts me from having to do things": {"probability": {"neg": 0.7791403036017206, "neutral": 0.24041304880726988, "pos": 0.2208596963982794}, "label": "neg"},