{"hey you guys, my name is angelica and today i'm going to be filming another vintage le": {"probability": {"neg": 0.6617304394255189, "neutral": 0.3392536994476691, "pos": 0.3382695605744811}, "label": "neg"}, "i have not filmed eventing with jelly in a very long time due to the fact that my family doesn't really agree with it, but and so i've kind of taken a different direction towards it": {"probability": {"neg": 0.6059764634639045, "neutral": 0.10729496245801351, "pos": 0.39402353653609545}, "label": "neg"}, "i don't know how many of these i'm going to be doing": {"probability": {"neg": 0.6807617472099707, "neutral": 0.1894181954384395, "pos": 0.3192382527900293}, "label": "neg"}, "i think i'll just be doing them when something just hits home for me and something comes my way today i wanted to talk about today": {"probability": {"neg": 0.6083799320670105, "neutral": 0.33657834681446736, "pos": 0.3916200679329895}, "label": "neg"}, "i wanted to talk about being depressed um, i'm not gon na try and make this video super long, so um": {"probability": {"neg": 0.7421727444277266, "neutral": 0.16966956163946648, "pos": 0.2578272555722734}, "label": "neg"}, "i just wanted to come on here and before i do anything um once you listen to my story or once you listen to what i have to say, i would love to hear your stories in the comments": {"probability": {"neg": 0.5300443930357921, "neutral": 0.13622841860141013, "pos": 0.46995560696420785}, "label": "neg"}, "it's always good to know that you're not alone": {"probability": {"neg": 0.2267467168536752, "neutral": 0.13673329007731114, "pos": 0.7732532831463248}, "label": "pos"}, "it's actually one of the best feelings so that you're not alone depression is the absolute depression and anxiety are the worst fucking things that anyone can ever do with": {"probability": {"neg": 0.5979071613242397, "neutral": 0.08456894771121685, "pos": 0.40209283867576034}, "label": "neg"}, "i guess um": {"probability": {"neg": 0.6915268958547669, "neutral": 0.3418625538355858, "pos": 0.3084731041452331}, "label": "neg"}, "i guess everything that i've gone through when i was younger um, i guess that's triggered": {"probability": {"neg": 0.7255895945187285, "neutral": 0.34068056768010463, "pos": 0.2744104054812715}, "label": "neg"}, "i think how do i say this okay, so some of you guys may know the things that i've gone through a couple": {"probability": {"neg": 0.5489875724408995, "neutral": 0.16710173350737878, "pos": 0.4510124275591006}, "label": "neg"}, "videos have been um deleted because of family meet because of family reasons, but if you've been around for a while, you would know that i've gone through a lot of shit in life, and i was very sad today": {"probability": {"neg": 0.6836085306207667, "neutral": 0.03769516384813662, "pos": 0.31639146937923335}, "label": "neg"}, "you can't really explain how you get sad or why you get sad": {"probability": {"neg": 0.8344728164686923, "neutral": 0.09028663017877614, "pos": 0.16552718353130774}, "label": "neg"}, "so i just i think i think, and i think and then um i was looking at a face on my facebook and then i was looking through my pictures and i was listening to music cuz listening to music, really soothes the soul": {"probability": {"neg": 0.5873512058338575, "neutral": 0.004537725112295382, "pos": 0.4126487941661426}, "label": "neg"}, "for me, music is like it's like heaven for me when i'm sad, i love listening to music and i was looking at all of my pictures and i was like you thinking my head": {"probability": {"neg": 0.7168774255536252, "neutral": 0.06699910570345942, "pos": 0.28312257444637473}, "label": "neg"}, "was i happy this day? was i happy then, and every single picture? i remember exactly what i was going through": {"probability": {"neg": 0.6005528872216163, "neutral": 0.10806298472014486, "pos": 0.39944711277838374}, "label": "neg"}, "i remember everything, even though my pictures may have been super fucking smiley": {"probability": {"neg": 0.7507625878296019, "neutral": 0.09027049750100911, "pos": 0.24923741217039808}, "label": "neg"}, "maybe i've been smiling forever": {"probability": {"neg": 0.7104028591709625, "neutral": 0.3507754455634265, "pos": 0.28959714082903754}, "label": "neg"}, "i was broken, i was so broken and i'm sneaking": {"probability": {"neg": 0.7930437577225825, "neutral": 0.24513835633862582, "pos": 0.2069562422774175}, "label": "neg"}, "when was the time that i was truly like a hundred percent happy with myself - and maybe i was four - maybe i was five, i think once i think once uh my parents separated once they got me married uh, i've been stopped": {"probability": {"neg": 0.5140189979414194, "neutral": 0.23456250974003998, "pos": 0.4859810020585806}, "label": "neg"}, "i've been sad because you know um, and i can't really talk about this shit, which pisses me off um": {"probability": {"neg": 0.8461045214800299, "neutral": 0.09199323935639057, "pos": 0.15389547851997007}, "label": "neg"}, "i guess, but i had gone through when i was younger, has made ha has affected my life as an adult um": {"probability": {"neg": 0.737572144686454, "neutral": 0.30712526006064855, "pos": 0.26242785531354595}, "label": "neg"}, "i think the way i was explaining today one was some people that have been molested when they were younger": {"probability": {"neg": 0.7165951297514386, "neutral": 0.4048420309340924, "pos": 0.28340487024856137}, "label": "neg"}, "when they grow up, they either do drugs": {"probability": {"neg": 0.574948579080493, "neutral": 0.9550692389141022, "pos": 0.425051420919507}, "label": "neutral"}, "they turn to prostitution": {"probability": {"neg": 0.5599235886289716, "neutral": 0.9372472910871946, "pos": 0.4400764113710284}, "label": "neutral"}, "they get obsessed with having sex um, they love older men um, and i guess the only reason": {"probability": {"neg": 0.6993833831203106, "neutral": 0.7190151332047806, "pos": 0.30061661687968944}, "label": "neutral"}, "the only way to explain myself is my anxiety and depression": {"probability": {"neg": 0.6607764854009519, "neutral": 0.4890057117416055, "pos": 0.33922351459904815}, "label": "neg"}, "i was so fucked up in the head and i went through so much shit when i was younger that now it affects my life, my day-to-day life every single day um": {"probability": {"neg": 0.6761227965706817, "neutral": 0.24824593918260865, "pos": 0.3238772034293182}, "label": "neg"}, "i feel like there's not a day that goes by where i'm not sad, there's not a day that goodbye when i'm not crying, there's not a day that goes by when i would represent happy": {"probability": {"neg": 0.7318585453795519, "neutral": 0.049209170336542075, "pos": 0.2681414546204482}, "label": "neg"}, "and yes, i know that you know update lynne": {"probability": {"neg": 0.47575918635344117, "neutral": 0.3435276145681678, "pos": 0.5242408136465588}, "label": "pos"}, "she makes me happy and i think that people that goes to what i go through you know you can't truly explain this": {"probability": {"neg": 0.5645018557364301, "neutral": 0.1617093311376652, "pos": 0.43549814426356986}, "label": "neg"}, "you can't express the way you feel um": {"probability": {"neg": 0.4517175643521346, "neutral": 0.3291512551312147, "pos": 0.5482824356478654}, "label": "pos"}, "i think that i feel like if i was given anything in the world": {"probability": {"neg": 0.6616880028707186, "neutral": 0.3440075597390249, "pos": 0.33831199712928134}, "label": "neg"}, "it wouldn't make me happy, and i feel so terrible that that dave len has to deal with me": {"probability": {"neg": 0.7138640991089089, "neutral": 0.0031438340920963612, "pos": 0.2861359008910911}, "label": "neg"}, "it makes me sad": {"probability": {"neg": 0.7331224668694611, "neutral": 0.003526656789118066, "pos": 0.26687753313053886}, "label": "neg"}, "it's affected, you know not affected our relationship, but i feel like every time i talk to her": {"probability": {"neg": 0.5240946406874785,