{"oh boy, it's sunday": {"probability": {"neg": 0.5084745685090033, "neutral": 0.3808742771940025, "pos": 0.4915254314909967}, "label": "neg"}, "yes, it's sunday and i'm very tired right now": {"probability": {"neg": 0.7218134217373009, "neutral": 0.0956237098454439, "pos": 0.27818657826269905}, "label": "neg"}, "it's 10 o'clock 10:05! actually in the p": {"probability": {"neg": 0.6151645154521753, "neutral": 0.5225635555120419, "pos": 0.3848354845478247}, "label": "neutral"}, "m": {"probability": {"neg": 0.5548182678809279, "neutral": 0.600796550248209, "pos": 0.445181732119072}, "label": "neutral"}, "and you know i had a relatively good day, but at the same time i'm in another one of my downloads, i feel hopeless": {"probability": {"neg": 0.6628852657900148, "neutral": 0.2218140836124933, "pos": 0.33711473420998517}, "label": "neg"}, "again": {"probability": {"neg": 0.5387926918777257, "neutral": 0.5743847867407218, "pos": 0.4612073081222743}, "label": "neutral"}, "i don't know why i just really feel like i'm not doing it and it may just be the tiredness talking, but i feel like there's no light at the end of the tunnel and i feel like the more i try, the less success i feel like": {"probability": {"neg": 0.6336833486310114, "neutral": 0.18222507357842965, "pos": 0.3663166513689886}, "label": "neg"}, "i'm getting ever since my mom's come home with my dad she's been in control of what i eat, and i thought that would be a good thing, but sadly now i don't know what i'm eating and i'm not comfortable, not knowing i'm not comfortable": {"probability": {"neg": 0.6570614351488109, "neutral": 0.13683183932354884, "pos": 0.3429385648511891}, "label": "neg"}, "i, like my calorie counting system that i had because i knew what i was getting and i knew what i was doing and now i'm not in control of it and i'm getting ticked off": {"probability": {"neg": 0.7330302919325054, "neutral": 0.35424373044087404, "pos": 0.2669697080674946}, "label": "neg"}, "so my mom makes the foods that she knows i like, but the problem with the foods she knows": {"probability": {"neg": 0.7005496765618513, "neutral": 0.336022101781212, "pos": 0.29945032343814876}, "label": "neg"}, "i like is that they're not exactly the foods i need to eat and they're, not exactly the healthiest": {"probability": {"neg": 0.7107563229584429, "neutral": 0.35737873529036523, "pos": 0.28924367704155707}, "label": "neg"}, "you have this casserole, it's a little beautiful my favorite castle": {"probability": {"neg": 0.2659825454185345, "neutral": 0.06610285709420548, "pos": 0.7340174545814655}, "label": "pos"}, "it's my favorite food": {"probability": {"neg": 0.3941673403785517, "neutral": 0.029723581214418166, "pos": 0.6058326596214483}, "label": "pos"}, "it's a comfort, food and thing about comfort": {"probability": {"neg": 0.47687681546319793, "neutral": 0.36044241118972226, "pos": 0.5231231845368021}, "label": "pos"}, "foods is they're very high in calories": {"probability": {"neg": 0.502065758467054, "neutral": 0.5372195817755689, "pos": 0.49793424153294596}, "label": "neutral"}, "what it is is it's two cans of cheddar soup, two cans of cream of chicken soup like crave cheddar cream of chicken": {"probability": {"neg": 0.5394519914283589, "neutral": 0.04981460416987277, "pos": 0.4605480085716411}, "label": "neg"}, "six chicken breasts cut up two cans of rice, and this is a double batch": {"probability": {"neg": 0.6260668870669489, "neutral": 0.31933161419608985, "pos": 0.3739331129330511}, "label": "neg"}, "of course, two cans of rice": {"probability": {"neg": 0.45871671418290383, "neutral": 0.7536653534703217, "pos": 0.5412832858170962}, "label": "neutral"}, "do you put potato chips on top as like a crust, and you cover that in cheese": {"probability": {"neg": 0.3695212232183467, "neutral": 0.19324744854891804, "pos": 0.6304787767816533}, "label": "pos"}, "i love it": {"probability": {"neg": 0.3062303804130494, "neutral": 0.15976275669851123, "pos": 0.6937696195869506}, "label": "pos"}, "i do it tastes, it's amazing, but i overeat it and i can't even control myself when it comes to that": {"probability": {"neg": 0.6174153940021381, "neutral": 0.17080663740847116, "pos": 0.38258460599786187}, "label": "neg"}, "i have no control over anything right now": {"probability": {"neg": 0.6515083383588147, "neutral": 0.245485935580222, "pos": 0.3484916616411853}, "label": "neg"}, "i can't control what i'm eating": {"probability": {"neg": 0.7186383641902963, "neutral": 0.3358985852571003, "pos": 0.2813616358097038}, "label": "neg"}, "i can't control myself from how much i eat": {"probability": {"neg": 0.7670856981494439, "neutral": 0.3068041104978764, "pos": 0.2329143018505561}, "label": "neg"}, "i can't control my weight": {"probability": {"neg": 0.7890611255326635, "neutral": 0.31027586925979955, "pos": 0.2109388744673365}, "label": "neg"}, "i was doing so well and now i feel hopeless and um": {"probability": {"neg": 0.569171644038825, "neutral": 0.3627718235571566, "pos": 0.43082835596117497}, "label": "neg"}, "i've been looking through my videos and i think my highest views is eight": {"probability": {"neg": 0.6341855269484008, "neutral": 0.3410708219701492, "pos": 0.3658144730515992}, "label": "neg"}, "eight views is my highest and that's okay, i'm okay with that, but i feel like i'm not really talking to anybody and i'm feeling like no one's there for me and it's hard for me to stay motivated, trying to keep myself more of it by doing this, but i don't know if i can do it": {"probability": {"neg": 0.6751555337004105, "neutral": 0.13055841574058194, "pos": 0.3248444662995895}, "label": "neg"}, "if no one else supports me um, i'm just scared": {"probability": {"neg": 0.7434248498821033, "neutral": 0.3357564707999538, "pos": 0.25657515011789667}, "label": "neg"}, "i want to go to university and i want to have this great student life where i am suave and i get work done and you know be successful, but the way i look": {"probability": {"neg": 0.4476347830085393, "neutral": 0.06667630294545636, "pos": 0.5523652169914607}, "label": "pos"}, "no one takes me seriously and i don't know what to do, and this is one of my few i'm depressed episodes": {"probability": {"neg": 0.8327710146188041, "neutral": 0.15025474287856658, "pos": 0.16722898538119596}, "label": "neg"}, "i don't have depression": {"probability": {"neg": 0.6935846723789758, "neutral": 0.34032910009048495, "pos": 0.3064153276210242}, "label": "neg"}, "i don't suffer from anything, i'm just depressed right now and i don't know if there's anything i can do no": {"probability": {"neg": 0.7613770844920688, "neutral": 0.1564510836256613, "pos": 0.23862291550793124}, "label": "neg"}, "i need to talk to my mom": {"probability": {"neg": 0.5916867536815822, "neutral": 0.34093573697266594, "pos": 0.40831324631841776}, "label": "neg"}, "i need to tell her straight to her face mom": {"probability": {"neg": 0.5659097957635406, "neutral": 0.4988152091694982, "pos": 0.4340902042364594}, "label": "neg"}, "i love that you're cooking and i love that you're enjoying that you're cooking again": {"probability": {"neg": 0.3919574259944997, "neutral": 0.13759699158279487, "pos": 0.6080425740055003}, "label": "pos"}, "but can you please cook food for me with me in mind because you'll find ways to justify it like today she said: oh, but there's lots of protein in there": {"probability": {"neg": 0.500773435440442, "neutral": 0.3336947934540588, "pos": 0.49922656455955805}, "label": "neg"}, "that's fine, but if you could give me the protein in a way that doesn't help me gain weight, i broke my rule and i checked in on my weight today and i'm back up at 328": {"probability": {"neg": 0.665924891471555, "neutral": 0.2502487361738246, "pos": 0.334075108528445}, "label": "neg"}, "i've gained three pounds: um, that's not right and i'm getting very frustrated at that um because i lost 20 pounds in two weeks": {"probability": {"neg": 0.751660932182101, "neutral": 0.2394656440519838,