{"i feel like i'm just suffering in my pain every day and it's like i don't know part of me, is it's just like fighting or resisting things avoiding things": {"probability": {"neg": 0.723867047053886, "neutral": 0.3334027624355767, "pos": 0.27613295294611395}, "label": "neg"}, "so i live with my parents, and i can't talk to my parents because if i say i'm unhappy or miserable those be like well, obvi should have listened to us and became an accountant or you need to go to a job": {"probability": {"neg": 0.655327214437162, "neutral": 0.1250355989069953, "pos": 0.344672785562838}, "label": "neg"}, "fair": {"probability": {"neg": 0.45511809528298885, "neutral": 0.2431186904633826, "pos": 0.5448819047170111}, "label": "pos"}, "everything with them is based around like money earning a living living": {"probability": {"neg": 0.44445564773316015, "neutral": 0.986570675475777, "pos": 0.5555443522668398}, "label": "neutral"}, "i just can't talk to them about emotions at all, like, like i said before, when i was depressed in college, i told my dad": {"probability": {"neg": 0.7339393223291877, "neutral": 0.3156201740680505, "pos": 0.2660606776708124}, "label": "neg"}, "he said when i was your age": {"probability": {"neg": 0.6400055238414788, "neutral": 0.493016979970961, "pos": 0.35999447615852115}, "label": "neg"}, "i didn't have time to be depressed and, like you know talking about how he worked 18 hours like you know, he slept like two hours at night cuz": {"probability": {"neg": 0.794921393158025, "neutral": 0.3862868634944087, "pos": 0.20507860684197501}, "label": "neg"}, "he had two jobs in college and um": {"probability": {"neg": 0.6248646735702027, "neutral": 0.9379275844958989, "pos": 0.3751353264297973}, "label": "neutral"}, "i'm not just so weird that, like that generation they were in survival mode and it's like, then, you have mmm our generation who was supposed to be like benefiting from the fruits of all their hard work": {"probability": {"neg": 0.673427799611385, "neutral": 0.2437280609410717, "pos": 0.326572200388615}, "label": "neg"}, "but if you don't have any like emotional support or foundation, it's like so impossible to like grow and just live and be an adult": {"probability": {"neg": 0.6668723854811631, "neutral": 0.12947578701672424, "pos": 0.3331276145188369}, "label": "neg"}, "i listened to a mental illness happy hour, podcast, which i'm plugging again": {"probability": {"neg": 0.49875740299905014, "neutral": 0.1767750214111751, "pos": 0.5012425970009499}, "label": "pos"}, "i made video about it, but he's big on group therapies and are going to group therapy, and i do want to experience what he's talking about": {"probability": {"neg": 0.6074936903043483, "neutral": 0.3367838635919649, "pos": 0.3925063096956517}, "label": "neg"}, "but like one i like a group therapy and it was like ninety dollars a week": {"probability": {"neg": 0.6012518599871874, "neutral": 0.356896942513013, "pos": 0.39874814001281256}, "label": "neg"}, "i don't know - maybe i just haven't - found the right - the right group but ninety dollars a week like i thought, group therapy was supposed to be cheaper than individual therapy because i actually have a discounted rate": {"probability": {"neg": 0.807586976317156, "neutral": 0.17057442789855706, "pos": 0.19241302368284394}, "label": "neg"}, "the therapist i see now": {"probability": {"neg": 0.5569560943966203, "neutral": 0.38740993308174504, "pos": 0.4430439056033797}, "label": "neg"}, "so i only pay forty nine dollars a session which i think is pretty good, so i thought group therapy should be less than that, but apparently not and also part of me is like embarrassed like, like i don't know": {"probability": {"neg": 0.7697273457028727, "neutral": 0.11115433253916829, "pos": 0.2302726542971273}, "label": "neg"}, "i have this thing where i feel like": {"probability": {"neg": 0.7544924971411857, "neutral": 0.3417897778483027, "pos": 0.24550750285881426}, "label": "neg"}, "i'm spoiled and and i'm behind other people, my age who are like married or on their second marriage": {"probability": {"neg": 0.5002594596459997, "neutral": 0.7534395720308457, "pos": 0.49974054035400034}, "label": "neutral"}, "they have kids, i mean technically people": {"probability": {"neg": 0.5941763945061487, "neutral": 0.4671034173023101, "pos": 0.4058236054938513}, "label": "neg"}, "my age could have kids that are like getting ready to graduate high school": {"probability": {"neg": 0.44830365476567047, "neutral": 0.5437786408817046, "pos": 0.5516963452343295}, "label": "neutral"}, "actually i didn't": {"probability": {"neg": 0.7291171927050382, "neutral": 0.34340285763432593, "pos": 0.27088280729496184}, "label": "neg"}, "i didn't meet somebody two years younger than me and she has a son": {"probability": {"neg": 0.6768384130275461, "neutral": 0.7206520069345436, "pos": 0.3231615869724539}, "label": "neutral"}, "that's like you know, just sort of high school, so it's just crazy like and you feel like you're behind and so me i like, isolate and then it's like, i fall even farther behind": {"probability": {"neg": 0.6001035600591285, "neutral": 0.09678450173389547, "pos": 0.39989643994087154}, "label": "neg"}, "so it's like really rough yeah, but anyways": {"probability": {"neg": 0.6104683357408384, "neutral": 0.07239375212734962, "pos": 0.38953166425916164}, "label": "neg"}, "luckily, i have because i have social anxiety": {"probability": {"neg": 0.5469851772120478, "neutral": 0.3463036611134544, "pos": 0.45301482278795224}, "label": "neg"}, "i feel like this": {"probability": {"neg": 0.6744421889774457, "neutral": 0.33942278983180835, "pos": 0.32555781102255427}, "label": "neg"}, "these videos are my way of getting my my emotional state and pain out into the world and hopefully realizing that i'm i'm not that bad yeah": {"probability": {"neg": 0.5381036955176551, "neutral": 0.1332218423954376, "pos": 0.46189630448234487}, "label": "neg"}, "so so that's my deal, i guess and i'll talk to you later": {"probability": {"neg": 0.5080090886164486, "neutral": 0.3337415101260937, "pos": 0.4919909113835514}, "label": "neg"}, "i yes": {"probability": {"neg": 0.4858823962751788, "neutral": 0.35790305620017276, "pos": 0.5141176037248212}, "label": "pos"}}