{"i was depressed hi, you guys so today, i'm going to be making a little bit more of a serious video": {"probability": {"neg": 0.6742980226941115, "neutral": 0.14920416285232577, "pos": 0.3257019773058885}, "label": "neg"}, "i'm going to talk about my experience with depression": {"probability": {"neg": 0.4415143541670066, "neutral": 0.34885729422114736, "pos": 0.5584856458329934}, "label": "pos"}, "now i've been super open about my eating disorder on this channel, as well as on my blog as well as just in person, because i feel like that's something": {"probability": {"neg": 0.5226828767212924, "neutral": 0.13914259831037248, "pos": 0.47731712327870757}, "label": "neg"}, "not a lot of people talk about, and i haven't really said much about my experience with depression and not because i'm ashamed of it or anything like that": {"probability": {"neg": 0.5983542161646935, "neutral": 0.13345370716357582, "pos": 0.40164578383530647}, "label": "neg"}, "i just i don't know": {"probability": {"neg": 0.7051471326879452, "neutral": 0.3397297643011415, "pos": 0.29485286731205484}, "label": "neg"}, "i just haven't really said anything": {"probability": {"neg": 0.7090879963438692, "neutral": 0.011893113031465175, "pos": 0.29091200365613085}, "label": "neg"}, "i don't think there's really a reason for it, but the other day i saw a tweet from a girl that i knew that essentially just said": {"probability": {"neg": 0.7979023509836183, "neutral": 0.10483608102392372, "pos": 0.2020976490163817}, "label": "neg"}, "i can't stand depressed": {"probability": {"neg": 0.7545075918679334, "neutral": 0.30622672533039547, "pos": 0.2454924081320667}, "label": "neg"}, "people just be happy": {"probability": {"neg": 0.26868108273446367, "neutral": 0.06727570859586088, "pos": 0.7313189172655363}, "label": "pos"}, "it's your choice, and i kind of like hit me that so many people are uneducated about depression and then to go along with that": {"probability": {"neg": 0.19853597086849217, "neutral": 0.10088660774347014, "pos": 0.8014640291315078}, "label": "pos"}, "i watched the last episode of 13 reasons": {"probability": {"neg": 0.6501264851875034, "neutral": 0.3278355313613515, "pos": 0.3498735148124966}, "label": "neg"}, "why yesterday - and i can honestly say that it wrecked me and i'm sure everyone else cried, you know like everyone was, it was a sad episode, so i'm sure everyone else cried and was upset about it or something": {"probability": {"neg": 0.7668772408558634, "neutral": 0.02469647441623235, "pos": 0.23312275914413658}, "label": "neg"}, "but i was just thinking about like this": {"probability": {"neg": 0.748594441514287, "neutral": 0.33970282633952875, "pos": 0.251405558485713}, "label": "neg"}, "just really happens, people really get to a point where they're so depressed that they want to end their life, and so i just thought this could maybe be informative about what it's like to have depression": {"probability": {"neg": 0.7595697031576614, "neutral": 0.029260743330214636, "pos": 0.24043029684233866}, "label": "neg"}, "so maybe you don't have depression, but you might know someone who does and you don't": {"probability": {"neg": 0.7147035161587545, "neutral": 0.3391073385872601, "pos": 0.28529648384124545}, "label": "neg"}, "you have no idea what they're going through and you may be it like makes you uncomfortable to talk to them about it": {"probability": {"neg": 0.7538318853797992, "neutral": 0.002716897141563811, "pos": 0.24616811462020088}, "label": "neg"}, "so i just kind of wanted to share this": {"probability": {"neg": 0.4408588643054623, "neutral": 0.04278104095113843, "pos": 0.5591411356945377}, "label": "pos"}, "maybe it would help someone so my depression kind of went hand-in-hand with my eating disorder and before i start i do want to say that depression does run in my family, so it can be kind of like passed down genetically and so anyways": {"probability": {"neg": 0.653046470586726, "neutral": 0.10149902454945968, "pos": 0.346953529413274}, "label": "neg"}, "when i was going to treatment, i really i really really didn't want to go to treatment": {"probability": {"neg": 0.7965089985001479, "neutral": 0.0462859541712291, "pos": 0.20349100149985216}, "label": "neg"}, "i had no interest in going and it was just something i i really really fought and in fighting this it's just all": {"probability": {"neg": 0.7718135055282286, "neutral": 0.0010036803230218205, "pos": 0.22818649447177142}, "label": "neg"}, "i just felt like everything like tumbling right": {"probability": {"neg": 0.5108656290859164, "neutral": 0.16112991724389433, "pos": 0.48913437091408357}, "label": "neg"}, "nothing was going right, which kind of caused me to spiral into this depression": {"probability": {"neg": 0.6926648257370412, "neutral": 0.1467566943152708, "pos": 0.30733517426295875}, "label": "neg"}, "so my best friend had kind of forced me to tell my parents about my eating disorder, which made me really uncomfortable and so upset, and then my parents were upset and then i started feeling like": {"probability": {"neg": 0.7892046688266344, "neutral": 0.13354911061221733, "pos": 0.21079533117336557}, "label": "neg"}, "i had caused all these issues and it just downward spirals into this depression, so this is kind of how it felt for me": {"probability": {"neg": 0.6038675153259006, "neutral": 0.03341937632511965, "pos": 0.3961324846740995}, "label": "neg"}, "so to start i just felt like i had let everyone down i felt like i was a problem to everything that was going on": {"probability": {"neg": 0.83058926923926, "neutral": 0.24551419651724082, "pos": 0.16941073076073998}, "label": "neg"}, "like i was the cause of all the issues that were happening in my household with my friends, and i just kept thinking like like people's lives, would be so much easier without me": {"probability": {"neg": 0.6209411914548897, "neutral": 0.2668162848566844, "pos": 0.3790588085451103}, "label": "neg"}, "i wouldn't be here to cause all this chaos in these issues and, like my parents, wouldn't have to pay for another kid and they would be like better off financially and they wouldn't my mom, wouldn't be so stressed out about me, and these were the thoughts that just kept going on in my mind, and i can't tell you how many times i repeated the phrase i don't want to be here anymore": {"probability": {"neg": 0.8151056893510293, "neutral": 0.21152298165784525, "pos": 0.1848943106489707}, "label": "neg"}, "i don't want to do this anymore and i just repeated them all": {"probability": {"neg": 0.6962703264312536, "neutral": 0.3445278217224113, "pos": 0.30372967356874636}, "label": "neg"}, "the time in my mom was so worried": {"probability": {"neg": 0.7031625895502736, "neutral": 0.6789792585933, "pos": 0.2968374104497264}, "label": "neutral"}, "you guys she was so freaked out as any parent would be": {"probability": {"neg": 0.4115173680821633, "neutral": 0.3767595650077454, "pos": 0.5884826319178367}, "label": "pos"}, "if you have a child coming home saying i don't want to do this anymore": {"probability": {"neg": 0.6364265860241186, "neutral": 0.335633458850946, "pos": 0.3635734139758814}, "label": "neg"}, "i don't want to be here anymore": {"probability": {"neg": 0.6481771348328178, "neutral": 0.33463633812064525, "pos": 0.3518228651671822}, "label": "neg"}, "i don't want to do this anymore": {"probability": {"neg": 0.6492469848196891, "neutral": 0.34087618979588025, "pos": 0.35075301518031093}, "label": "neg"}, "over and over and over again and just sobbing and that's what it was like, i just was like crying all the time, and i was i don't want to be here": {"probability": {"neg": 0.722917383589962, "neutral": 0.13341309506807475, "pos": 0.2770826164100379}, "label": "neg"}, "i don't want to do this anymore and, of course this was all during the phase of me going to patient like treatment, so i just kept repeating": {"probability": {"neg": 0.7168394503988034, "neutral": 0.33560115531230245,