{"everyone was telling us it's gon na, be fine": {"probability": {"neg": 0.3041276805845873, "neutral": 0.17329850952202555, "pos": 0.6958723194154127}, "label": "pos"}, "it's not that bad and then it randomly just went to stage 4 and then he randomly um just passed away": {"probability": {"neg": 0.8859851141994035, "neutral": 0.2886674051451436, "pos": 0.1140148858005965}, "label": "neg"}, "one night and i woke up to firemen and people inside my house, carrying my dad out and my sister just crying on me and my brother": {"probability": {"neg": 0.6601592514369329, "neutral": 0.5858398301478362, "pos": 0.3398407485630671}, "label": "neutral"}, "just trying to hold me down i've never even accepted it": {"probability": {"neg": 0.738862571447783, "neutral": 0.23890319218687942, "pos": 0.26113742855221694}, "label": "neg"}, "i don't know, i don't know if the hardest part for me is that i don't feel like": {"probability": {"neg": 0.7377275024299514, "neutral": 0.33348442517299065, "pos": 0.26227249757004856}, "label": "neg"}, "i can remember my dad": {"probability": {"neg": 0.6530030597821357, "neutral": 0.33960386724327396, "pos": 0.3469969402178643}, "label": "neg"}, "i know really um": {"probability": {"neg": 0.6029768573877115, "neutral": 0.011733788236973684, "pos": 0.3970231426122886}, "label": "neg"}, "i just feel like i'm just i don't know": {"probability": {"neg": 0.7713171284778914, "neutral": 0.33508882359686615, "pos": 0.22868287152210867}, "label": "neg"}, "i just haven't alright um, so after he passed away, i was already having a lot of issues in school and stuff because i'm dyslexic - and i never wanted to do anything - that's school hot for me like to offer": {"probability": {"neg": 0.7479029624760866, "neutral": 0.08093203040699935, "pos": 0.25209703752391344}, "label": "neg"}, "i've always wanted to either do entertainment or music, and i would get bullied a lot because i used to dress really weird": {"probability": {"neg": 0.7856224892494085, "neutral": 0.002119682526862512, "pos": 0.21437751075059153}, "label": "neg"}, "i used to wear hats and skinny jeans and all and look how i look like pretty much today": {"probability": {"neg": 0.6383736719721855, "neutral": 0.13513206947682518, "pos": 0.36162632802781447}, "label": "neg"}, "so i get bullied a lot": {"probability": {"neg": 0.594345727238218, "neutral": 0.3488008953484847, "pos": 0.40565427276178206}, "label": "neg"}, "so i would, after my dad passed away, i would go to therapy and stuff for about four, maybe three years": {"probability": {"neg": 0.7401646393527839, "neutral": 0.4994411357763828, "pos": 0.25983536064721613}, "label": "neg"}, "i don't i think three years and i would have to go pretty much once every three days or something like that and it was pretty miserable because they would always have to like check my weight and stuff because they thought i was too skinny and then i'd feel bad about myself and i feel like i'm, not gaining weight, i'm not eating healthy enough, i'm too skinny and there was just a lot of bad things happening that year, those years it was like about four years that was really depressed": {"probability": {"neg": 0.8770146554528818, "neutral": 0.09135939232335948, "pos": 0.12298534454711817}, "label": "neg"}, "i went to, i think three institutions for like a week each and one was really scary one": {"probability": {"neg": 0.8234935106553465, "neutral": 0.03951121859708457, "pos": 0.17650648934465354}, "label": "neg"}, "i had a stay there and it was like actually crazy people and they're like no offense to crazy people, but they're people that, were you, know, little loony and i actually got thrown in there": {"probability": {"neg": 0.8274914048731855, "neutral": 0.0811254495060207, "pos": 0.17250859512681446}, "label": "neg"}, "i got thrown in thought": {"probability": {"neg": 0.6826650172903668, "neutral": 0.4036851550679239, "pos": 0.3173349827096332}, "label": "neg"}, "i was gon na get killed by a guy for no fucking reason, which was really scary, and i think that guy was my roommate": {"probability": {"neg": 0.8846357132695646, "neutral": 0.042753077975797665, "pos": 0.11536428673043546}, "label": "neg"}, "if i can remember, it was really fucking scary - and i remember talk to my mom and being like - i need to get the fuck out of here because they're some guy that wants to kick my ass and then next thing": {"probability": {"neg": 0.8657454120599923, "neutral": 0.15430317855982242, "pos": 0.13425458794000766}, "label": "neg"}, "i know he got kicked out because i told the people so i was safe": {"probability": {"neg": 0.535392806801942, "neutral": 0.422858080657542, "pos": 0.46460719319805804}, "label": "neg"}, "i think i'm fine now, but that was really scary": {"probability": {"neg": 0.7045384988608091, "neutral": 0.09063102778007587, "pos": 0.2954615011391909}, "label": "neg"}, "that scared the shit out of me, and i think i was there for you cuz": {"probability": {"neg": 0.6601167528213303, "neutral": 0.07033838916416056, "pos": 0.33988324717866963}, "label": "neg"}, "i was so depressed that i wanted to kill myself and um": {"probability": {"neg": 0.7892094132321636, "neutral": 0.38087288758442034, "pos": 0.21079058676783632}, "label": "neg"}, "i don't know, i think i i remember when i was there, i would um want to uh get out and then just kill myself like right": {"probability": {"neg": 0.7456404461916956, "neutral": 0.18047916554610888, "pos": 0.25435955380830444}, "label": "neg"}, "the day i got out, i was just like i'm gon na kill myself, and there are many like times where i tried to i": {"probability": {"neg": 0.7308839796465514, "neutral": 0.4910110421916111, "pos": 0.2691160203534486}, "label": "neg"}, "i would just i just remember, i'm sitting on my house like the roof of it and just thinking and just wanting to jump off like and just fucking end it, but for some reason i did it because i felt there was a little light at the end of this road like there was just a reason for me to keep on pushing, even though my life was feeling like complete and utter crap, and i didn't think i didn't think anything would get better": {"probability": {"neg": 0.8689611077928858, "neutral": 0.10964496897344056, "pos": 0.13103889220711412}, "label": "neg"}, "i don't feel like i'm gon na get too much into my past right now, um": {"probability": {"neg": 0.7084088202438998, "neutral": 0.22475706646410243, "pos": 0.2915911797561002}, "label": "neg"}, "i don't know why one! i can't really remember it right now, i'm overwhelmed which happens to me a lot": {"probability": {"neg": 0.7485647426000823, "neutral": 0.152364932670487, "pos": 0.2514352573999177}, "label": "neg"}, "i always forget my past, which is kind of weird but yeah": {"probability": {"neg": 0.5681667981527339, "neutral": 0.10265179145685999, "pos": 0.43183320184726615}, "label": "neg"}, "i just i was just i was really mean": {"probability": {"neg": 0.8009151080345307, "neutral": 0.02855319366645624, "pos": 0.19908489196546936}, "label": "neg"}, "i was just a bad kid back, then i was really misunderstood and i treated my family like crap and i treated a lot of things like crap and i just had a lot of bad things happen and i don't really feel like getting into those right now": {"probability": {"neg": 0.8697976602068099, "neutral": 0.10606424495528943, "pos": 0.13020233979319007}, "label": "neg"}, "yeah, so suicide and all that and cutting it fucking sucks guys it's it's the worst pain": {"probability": {"neg": 0.8960192865293463, "neutral": 0.09171880858831648, "pos": 0.10398071347065371}, "label": "neg"}}