{"let's cover the physical side of things, so from a physical standpoint, taking the actual overdose is easy": {"probability": {"neg": 0.49352718481239366, "neutral": 0.24112180760606694, "pos": 0.5064728151876063}, "label": "pos"}, "you know you just take the right amount of pills, the right kind of pills down up with some water and then go to sleep and then the rest is is a mystery": {"probability": {"neg": 0.46878027293095503, "neutral": 0.2713033229250616, "pos": 0.531219727069045}, "label": "pos"}, "almost you don't know what you you're going into": {"probability": {"neg": 0.5668636518439485, "neutral": 0.3405368994129055, "pos": 0.4331363481560515}, "label": "neg"}, "you hope that you don't wake up, but if you do wake up, you're gon na be in a lot of pain": {"probability": {"neg": 0.41326243114417516, "neutral": 0.3434530959806536, "pos": 0.5867375688558248}, "label": "pos"}, "okay, when i woke up, i i remember first of all was in hospital and a catheter in my genitals": {"probability": {"neg": 0.7070506676362214, "neutral": 0.26376354089253173, "pos": 0.2929493323637786}, "label": "neg"}, "you know having a tube in there": {"probability": {"neg": 0.41650222310932017, "neutral": 0.5331804153149168, "pos": 0.5834977768906798}, "label": "neutral"}, "so could used, you know, go to the toilet": {"probability": {"neg": 0.5771878100164686, "neutral": 0.4095752266848778, "pos": 0.42281218998353143}, "label": "neg"}, "that was pretty unpleasant in itself": {"probability": {"neg": 0.6703574707012575, "neutral": 0.044833316719359556, "pos": 0.3296425292987425}, "label": "neg"}, "my my stomach or my kidneys": {"probability": {"neg": 0.6247861279945051, "neutral": 0.35876956688760964, "pos": 0.375213872005495}, "label": "neg"}, "all of that downstairs area was painful": {"probability": {"neg": 0.6116873039539263, "neutral": 0.3285995566010362, "pos": 0.38831269604607366}, "label": "neg"}, "it really hurt": {"probability": {"neg": 0.6112633963483678, "neutral": 0.09751524427341651, "pos": 0.38873660365163226}, "label": "neg"}, "it was kind of like a clenching feeling like when you've not eaten for a while": {"probability": {"neg": 0.5664963855966179, "neutral": 0.03804069099291845, "pos": 0.4335036144033821}, "label": "neg"}, "when you start to feel like you know, starting to tighten up kind of feels like that, a mixture of that and needing the toilet really badly, it's just so much discomfort down there": {"probability": {"neg": 0.7683959600211625, "neutral": 0.16751725670796827, "pos": 0.2316040399788375}, "label": "neg"}, "it's it's horrible and obviously having i had a tube in each arm": {"probability": {"neg": 0.8790423246419701, "neutral": 0.02487892243717345, "pos": 0.12095767535802998}, "label": "neg"}, "you know cannula, so i believe they're called a drip has obviously dripping water into my it's my body to try and flush out everything, obviously being hooked up so heart monitor as well": {"probability": {"neg": 0.5511253141265553, "neutral": 0.39398349390673654, "pos": 0.44887468587344476}, "label": "neg"}, "now you're just lying there": {"probability": {"neg": 0.46338389333058705, "neutral": 0.35148856033360026, "pos": 0.536616106669413}, "label": "pos"}, "you can't really do anything": {"probability": {"neg": 0.6635573056136704, "neutral": 0.1793060380555341, "pos": 0.33644269438632957}, "label": "neg"}, "you can't really move": {"probability": {"neg": 0.6594990236191534, "neutral": 0.1628168290946501, "pos": 0.34050097638084664}, "label": "neg"}, "you feel so disorientated, it's horrible actually, and you can see that the heart monitor in the hospital and it's just beeping beeping, and you just you feel so uneasy": {"probability": {"neg": 0.7196773010566369, "neutral": 0.0016861531237448814, "pos": 0.2803226989433631}, "label": "neg"}, "you feel it's horrible": {"probability": {"neg": 0.7701596158494078, "neutral": 0.01469915735876899, "pos": 0.2298403841505922}, "label": "neg"}, "you know just lying in that hospital bed": {"probability": {"neg": 0.5182694474218646, "neutral": 0.566006435521979, "pos": 0.48173055257813535}, "label": "neutral"}, "you can't move because you've got neither one each on, you know, you've got a catheter in in there and then we can do stare and think it's horrible": {"probability": {"neg": 0.8847560011844309, "neutral": 0.15347316120900348, "pos": 0.11524399881556918}, "label": "neg"}, "it's really this comforting so yeah from a physical standpoint": {"probability": {"neg": 0.5526352771212769, "neutral": 0.16598429869965395, "pos": 0.4473647228787231}, "label": "neg"}, "it hurts it's uncomfortable": {"probability": {"neg": 0.6618359857062124, "neutral": 0.08908451903541821, "pos": 0.3381640142937876}, "label": "neg"}, "you just want to move": {"probability": {"neg": 0.47925567025232674, "neutral": 0.3751236191892333, "pos": 0.5207443297476733}, "label": "pos"}, "you want to get up, but you can't because you feel so weak and so drained, and then you start to get with withdrawal from if you're taking it": {"probability": {"neg": 0.7802462795006229, "neutral": 0.23165063946485517, "pos": 0.2197537204993771}, "label": "neg"}, "if you take medication, that's what you've overdosed on": {"probability": {"neg": 0.2985763935563548, "neutral": 0.34136953786053265, "pos": 0.7014236064436452}, "label": "pos"}, "let's get withdrawal cuz, i'm not gon na": {"probability": {"neg": 0.6291136557596699, "neutral": 0.3564630720887001, "pos": 0.3708863442403301}, "label": "neg"}, "let you take it you've already said too much again": {"probability": {"neg": 0.5547940929942424, "neutral": 0.26962475707518185, "pos": 0.4452059070057576}, "label": "neg"}, "that makes you feel nauseous such a horrible feeling": {"probability": {"neg": 0.7339019854663942, "neutral": 0.09036067192153664, "pos": 0.2660980145336059}, "label": "neg"}, "you know, and you don't feel like eating hungry, but you don't feel like eating": {"probability": {"neg": 0.6677945035420703, "neutral": 0.3446371188446933, "pos": 0.33220549645792974}, "label": "neg"}, "that's that's unpleasant! so from the physical standpoint taken over those horrible from emotional and a mental perspective is even worse, i remember waking up seeing my whole family": {"probability": {"neg": 0.6989305490638662, "neutral": 0.14664102808972798, "pos": 0.30106945093613385}, "label": "neg"}, "you know my mum dad stepdad, i know i'm waking up and the first thing i see is then i start to cry": {"probability": {"neg": 0.725670702228036, "neutral": 0.2438964478298383, "pos": 0.274329297771964}, "label": "neg"}, "i feel ashamed": {"probability": {"neg": 0.616589705534198, "neutral": 0.35380872444667877, "pos": 0.38341029446580205}, "label": "neg"}, "i also feel disappointed disappointed because i failed and what i said": {"probability": {"neg": 0.7790631172679225, "neutral": 0.214865050197775, "pos": 0.2209368827320775}, "label": "neg"}, "i failed in ending my life and i felt like a failure, because i've put myself in a position where they can see that i mean": {"probability": {"neg": 0.8113555743136199, "neutral": 0.17159472303304732, "pos": 0.18864442568638007}, "label": "neg"}, "obviously i look back now": {"probability": {"neg": 0.5075290036823759, "neutral": 0.40129040640918895, "pos": 0.49247099631762414}, "label": "neg"}, "i'm glad that i woke up": {"probability": {"neg": 0.5810455035425997, "neutral": 0.01822710181209943, "pos": 0.41895449645740035}, "label": "neg"}, "you know, i'm really glad that i did and i'm here today at the time i didn't want to wake up, so i just felt miserable": {"probability": {"neg": 0.7180803323681023, "neutral": 0.00032739820108716126, "pos": 0.2819196676318977}, "label": "neg"}, "i felt depressed i felt so emotional": {"probability": {"neg": 0.7050764210274562, "neutral": 0.12110964108845156, "pos": 0.29492357897254384}, "label": "neg"},