{"hey guys, i'm just nice a bit last few weeks, everything's just going down down like in my favor": {"probability": {"neg": 0.6164070522789467, "neutral": 0.2179081072975565, "pos": 0.38359294772105335}, "label": "neg"}, "i just can't anymore, i was holding on to my man": {"probability": {"neg": 0.7351611727159406, "neutral": 0.32179869887370455, "pos": 0.26483882728405944}, "label": "neg"}, "i called my dublin": {"probability": {"neg": 0.6061655740960241, "neutral": 0.3640306126366248, "pos": 0.3938344259039759}, "label": "neg"}, "i have my own friday, sorry, i know people say i mean what to them, but i don't and i think i couldn't believe that if i'd a manatee i'm sorry, i know that a lot of you may know what tonight": {"probability": {"neg": 0.800176391869398, "neutral": 0.02642828957411077, "pos": 0.19982360813060196}, "label": "neg"}}