{"hi there i want you to pay close attention to this video because it's coming from a different place than all my other videos": {"probability": {"neg": 0.504756948516736, "neutral": 0.17875048999660104, "pos": 0.495243051483264}, "label": "neg"}, "normally i give advice on how to be successful, how to be happy, but this video i'm not doing good at all and in fact i'm really fucked up": {"probability": {"neg": 0.6986329823837338, "neutral": 0.06322091478906543, "pos": 0.3013670176162661}, "label": "neg"}, "i'm depressed, i feel hopeless, i'm lost i'm confused and - and i just i feel like there's something inside of me - that is just empty": {"probability": {"neg": 0.8188400132233229, "neutral": 0.1334420448293188, "pos": 0.18115998677667716}, "label": "neg"}, "like there's this part of me, that's empty! tell you what guys, i think, a lot about a lot of things about everything and i think too much it kind of gets in the way of living a normal life": {"probability": {"neg": 0.5900582505033352, "neutral": 0.14585505813594205, "pos": 0.4099417494966649}, "label": "neg"}, "you know i can't have fun": {"probability": {"neg": 0.5861383544091125, "neutral": 0.28595566602882105, "pos": 0.41386164559088745}, "label": "neg"}, "i can't work": {"probability": {"neg": 0.7838190303559747, "neutral": 0.3104581043366635, "pos": 0.2161809696440254}, "label": "neg"}, "i can't socialize": {"probability": {"neg": 0.7284753022532654, "neutral": 0.31640141323395327, "pos": 0.2715246977467346}, "label": "neg"}, "i don't have good relationships with friends or family or people": {"probability": {"neg": 0.371070333776109, "neutral": 0.15951702254993336, "pos": 0.628929666223891}, "label": "pos"}, "you know the main reason why i try to help people out on my channel": {"probability": {"neg": 0.63695824810691, "neutral": 0.25330175718193176, "pos": 0.36304175189308996}, "label": "neg"}, "making videos give you advice is because i'm not satisfied with my life": {"probability": {"neg": 0.513183868475971, "neutral": 0.010951289372824502, "pos": 0.486816131524029}, "label": "neg"}, "i feel like the life i've gone through so far suck": {"probability": {"neg": 0.5793078673556011, "neutral": 0.001008889555703428, "pos": 0.4206921326443988}, "label": "neg"}, "now a lot of people come to me, or they tell me that i shouldn't be doing this because i'm only 18": {"probability": {"neg": 0.7517517581823931, "neutral": 0.16542059695166594, "pos": 0.2482482418176068}, "label": "neg"}, "why would i give advice to people? because i haven't been through anything my life that pisses me off because you're right, i haven't, i shouldn't be a motivational speaker, because i have never gone through tragedies in my life, for example, i've never been homeless, i've never been addicted to drugs and never almost lost": {"probability": {"neg": 0.8061772294415444, "neutral": 0.1739442558342501, "pos": 0.1938227705584557}, "label": "neg"}, "my life, i've never been abused, then nothing but tell you what i'm doing what i'm doing right now, because it's my therapy, i have to give advice to people i have to whether it be writing blogs or or making these videos, because i'm just trying to understand life and trying to figure out what's real, how to live my life and all these answers that, maybe i shouldn't think about what i do you know some people can handle their problems by doing drugs having sex some people": {"probability": {"neg": 0.6189252123153314, "neutral": 0.2390714799088817, "pos": 0.3810747876846686}, "label": "neg"}, "they work harder than anybody else, but that's because they're trying to fill something inside themselves": {"probability": {"neg": 0.6608670856345291, "neutral": 0.6428506908041617, "pos": 0.3391329143654709}, "label": "neutral"}, "some people express themselves through music through dance through physical things": {"probability": {"neg": 0.32608069521893857, "neutral": 0.47969306181446586, "pos": 0.6739193047810614}, "label": "pos"}, "like exercise": {"probability": {"neg": 0.5259622335605281, "neutral": 0.3755454217657741, "pos": 0.47403776643947193}, "label": "neg"}, "you know, i don't know everybody's problems, but i know that my way of dealing things is usually to try to just understand life and try to find something from it": {"probability": {"neg": 0.6406738612611085, "neutral": 0.34683583741338314, "pos": 0.3593261387388915}, "label": "neg"}, "try to understand it and then the other way i handle it and i'll be brutally honest with you is": {"probability": {"neg": 0.4453483673398483, "neutral": 0.12953742678904726, "pos": 0.5546516326601517}, "label": "pos"}, "i try not to face my problems": {"probability": {"neg": 0.5845255769669097, "neutral": 0.3832082814168658, "pos": 0.41547442303309035}, "label": "neg"}, "i try to run away from them and not take responsibility and not face them because it sucks and i feel like a loser when i do so there": {"probability": {"neg": 0.7899566102681053, "neutral": 0.24304938295692224, "pos": 0.21004338973189474}, "label": "neg"}, "i just told you one of the darkest things about me, so why am i telling you all this? the reason why i'm saying this to you is because i'm trying to express to you where i'm coming from trust me, i don't want to depress you by this video, make you feel worse": {"probability": {"neg": 0.8904970668489225, "neutral": 0.13432235449278443, "pos": 0.10950293315107751}, "label": "neg"}, "but there's one thing that i understand from the things that i've learned this": {"probability": {"neg": 0.5596428195576357, "neutral": 0.341383161317469, "pos": 0.4403571804423643}, "label": "neg"}, "so far in life, i have learned that everybody has problems, that we all struggle through something going on internally, whether it be insecurities or something that we just don't understand": {"probability": {"neg": 0.6352827220992355, "neutral": 0.0012874633455928683, "pos": 0.36471727790076447}, "label": "neg"}, "i don't know and like i said, we handle in different ways, but i think that sometimes we do things to cover up or try to fill in that space inside of you that emptiness with those activities, but they don't actually do it": {"probability": {"neg": 0.47810135643581786, "neutral": 0.13675769506595245, "pos": 0.5218986435641821}, "label": "pos"}, "they can't fill you permanently and i tell you what what i'm about to say is not my own thoughts": {"probability": {"neg": 0.7678188660630653, "neutral": 0.22404418845297136, "pos": 0.23218113393693476}, "label": "neg"}, "i got this from somebody else": {"probability": {"neg": 0.7488021827310913, "neutral": 0.36509442654532753, "pos": 0.25119781726890866}, "label": "neg"}, "in fact, if you go study, existentialism you'll find a lot of things in that subject": {"probability": {"neg": 0.39616870182116437, "neutral": 0.22558052308812304, "pos": 0.6038312981788356}, "label": "pos"}, "talking about meaning and what i heard from somebody recently is that probably the one thing that people want in life, more than anything, is meaning, and maybe meaning is what will fill that in": {"probability": {"neg": 0.3138923265371949, "neutral": 0.18178347830838015, "pos": 0.6861076734628051}, "label": "pos"}, "so i want to remind you right now, i'm not doing good": {"probability": {"neg": 0.5328737621851276, "neutral": 0.14988813953545335, "pos": 0.4671262378148724}, "label": "neg"}, "i really fucked up and depressed because i can't figure out what to do so": {"probability": {"neg": 0.9163877070619297, "neutral": 0.19465309885050294, "pos": 0.08361229293807027}, "label": "neg"}, "listen i've been trying to figure out how to take this person inside of me and bring it out cuz": {"probability": {"neg": 0.8007600348660653, "neutral": 0.35123883053140337, "pos": 0.19923996513393466}, "label": "neg"}, "i know i can be a smart person, a cool person, a responsible person, somebody who has everything together": {"probability": {"neg": 0.48258397746371473, "neutral": 0.19992246065861527, "pos": 0.5174160225362853},