{"hey guys, it's february, 8th 2016, i'm still in a pretty bad place, i'm starting to wake up and think of suicide": {"probability": {"neg": 0.7061128687662601, "neutral": 0.13817113537176995, "pos": 0.29388713123373994}, "label": "neg"}, "every morning, i think about about jumping off a bridge": {"probability": {"neg": 0.5680525505383989, "neutral": 0.345590402949264, "pos": 0.43194744946160113}, "label": "neg"}, "are you using pills to kill myself? i can't i can't do this anymore": {"probability": {"neg": 0.6922949500837492, "neutral": 0.40127486336003093, "pos": 0.3077050499162508}, "label": "neg"}, "this is destroying me, i i don't even feel like i'm living": {"probability": {"neg": 0.8144733071846827, "neutral": 0.33379410707373786, "pos": 0.18552669281531733}, "label": "neg"}, "it's just": {"probability": {"neg": 0.5751604188740764, "neutral": 0.35923699856190816, "pos": 0.42483958112592357}, "label": "neg"}, "i feel like my family's given up on me": {"probability": {"neg": 0.6657556195979546, "neutral": 0.33641371793919594, "pos": 0.33424438040204546}, "label": "neg"}, "i feel alone": {"probability": {"neg": 0.6135283126408464, "neutral": 0.35380872444667877, "pos": 0.3864716873591536}, "label": "neg"}, "it feels like the only thing i can do is be on the computer for about 20 minutes": {"probability": {"neg": 0.8108499094994548, "neutral": 0.0003493143087282676, "pos": 0.18915009050054515}, "label": "neg"}, "i'm gon na stop searching for explanations": {"probability": {"neg": 0.5745171923617489, "neutral": 0.4191165991361971, "pos": 0.4254828076382511}, "label": "neg"}, "i don't know anyone who's been through this": {"probability": {"neg": 0.7702272484199423, "neutral": 0.3369814956886801, "pos": 0.22977275158005775}, "label": "neg"}, "i don't know anyone who's come back from from four months of this i mean what's left of me, even if i get it together, i can't stop thinking of suicide": {"probability": {"neg": 0.8209353831224719, "neutral": 0.3051280913135022, "pos": 0.17906461687752806}, "label": "neg"}, "i can't stop worrying": {"probability": {"neg": 0.8011999603187722, "neutral": 0.33253446959856553, "pos": 0.19880003968122784}, "label": "neg"}, "i can't stop comparing myself to other people, i'm saying everything that i don't have": {"probability": {"neg": 0.7772093124208792, "neutral": 0.2637367380387994, "pos": 0.22279068757912085}, "label": "neg"}, "i desperately need someone in my life": {"probability": {"neg": 0.668746115132612, "neutral": 0.3497240333701968, "pos": 0.3312538848673881}, "label": "neg"}, "i can't i can't make that happen, because i i can't even get out of bed": {"probability": {"neg": 0.8201705815633988, "neutral": 0.316262756581709, "pos": 0.1798294184366011}, "label": "neg"}, "i remember in october when this first happened when i, when i just lost my mind, i was so confused and so scared that i asked my family for help": {"probability": {"neg": 0.6030163480025051, "neutral": 0.2113500812899404, "pos": 0.39698365199749486}, "label": "neg"}, "they said i need help": {"probability": {"neg": 0.5723014312645248, "neutral": 0.4549539103045161, "pos": 0.4276985687354752}, "label": "neg"}, "i don't know what's going on": {"probability": {"neg": 0.7340703088132041, "neutral": 0.3376856425102485, "pos": 0.2659296911867958}, "label": "neg"}, "i don't know how to to make this": {"probability": {"neg": 0.7705390672775562, "neutral": 0.34702843151169577, "pos": 0.2294609327224438}, "label": "neg"}, "stop or how to get better, they told me what what do you want us to do? what do you expect us to do, and they were angry that i had": {"probability": {"neg": 0.7126824492245319, "neutral": 0.0957364069091945, "pos": 0.28731755077546806}, "label": "neg"}, "i had asked something like that": {"probability": {"neg": 0.6561627076482828, "neutral": 0.3382735831495359, "pos": 0.3438372923517172}, "label": "neg"}, "no, i i didn't know what to do, and so i i was some kind of failure": {"probability": {"neg": 0.7356172732627715, "neutral": 0.038198712114905366, "pos": 0.26438272673722846}, "label": "neg"}, "i tried to explain to them": {"probability": {"neg": 0.7625320232251467, "neutral": 0.8023204280773569, "pos": 0.23746797677485337}, "label": "neutral"}, "i just need help, i don't know what's going on, i don't know how to get better and it just looked at me and shrug their shoulders said": {"probability": {"neg": 0.7242419612226684, "neutral": 0.17124137603973041, "pos": 0.2757580387773316}, "label": "neg"}, "well, we can't help you and you know how many visits i've gotten from my sister, how many phone calls to ask if i'm okay done any kind of support, an understanding that i can't do this alone, none! i can't get better because i have no support system": {"probability": {"neg": 0.7350867172963461, "neutral": 0.20016133414809237, "pos": 0.2649132827036539}, "label": "neg"}, "i have no one that believes in me": {"probability": {"neg": 0.5847358880858139, "neutral": 0.3400267630908513, "pos": 0.4152641119141861}, "label": "neg"}, "i just get worse and worse and worse, i keep giving me medications and they don't seem to do anything": {"probability": {"neg": 0.8816445051979434, "neutral": 0.18807763469395344, "pos": 0.11835549480205662}, "label": "neg"}, "they just make me tired and just make me out of it, and i just stay in bed all day next to a space heater in a dark room": {"probability": {"neg": 0.8082964624415117, "neutral": 0.35943835065369395, "pos": 0.1917035375584883}, "label": "neg"}, "i don't want to do this anymore": {"probability": {"neg": 0.6492469848196891, "neutral": 0.34087618979588025, "pos": 0.35075301518031093}, "label": "neg"}, "i think a person a person should have a right to say that this is enough": {"probability": {"neg": 0.6227167390877343, "neutral": 0.16107662872519699, "pos": 0.3772832609122657}, "label": "neg"}, "i'd like to say that i'm not i'm not being held by the medication professionals, don't seem to know what to do": {"probability": {"neg": 0.6541467225825787, "neutral": 0.3398869000280262, "pos": 0.34585327741742133}, "label": "neg"}, "my family refuses to even listen to even care, i'm completely alone": {"probability": {"neg": 0.7060932657142058, "neutral": 0.33850037007448847, "pos": 0.29390673428579417}, "label": "neg"}, "every day i go days without talking to people i go days without going outside like about days, praying for death, i think before when i was really really close to doing you know i had a fear of it": {"probability": {"neg": 0.7273869200085861, "neutral": 0.1280337700837967, "pos": 0.27261307999141393}, "label": "neg"}, "i had a fear that i i would mess up or that i was sacrificing something or that i i fear being dead": {"probability": {"neg": 0.7890212711895538, "neutral": 0.21404123043372558, "pos": 0.21097872881044624}, "label": "neg"}, "now i don't fear any of it": {"probability": {"neg": 0.717157523944482, "neutral": 0.3470231680303851, "pos": 0.28284247605551804}, "label": "neg"}, "i don't care anymore": {"probability": {"neg": 0.7096626252946698, "neutral": 0.3380839756547485, "pos": 0.29033737470533016}, "label": "neg"}, "i don't care what my family has to find": {"probability": {"neg": 0.70609169908158, "neutral": 0.34180462327061617, "pos": 0.29390830091842}, "label": "neg"}, "i don't care about the pain they would be in cuz": {"probability": {"neg": 0.7283438159000656, "neutral": 0.3370600596832071, "pos": 0.2716561840999344}, "label": "neg"}, "they left me in pain, they'll, all hug, each other and forgive each other and ask oh what what could we have done? i prayed i prayed for the help of my family": {"probability": {"neg": 0.6196514620022324, "neutral": 0.5441619333798408, "pos": 0.3803485379977675}, "label": "neutral"}, "i begged for the help of my family, i begged for some kind of support, some kind of feeling that there were someone there cared": {"probability": {"neg": 0.597357233779084, "neutral": 0.0596817382782474, "pos": 0.402642766220916}, "label": "neg"},