{"hey guys, i'm and here i'm just making this video, you know like just kind of documenting": {"probability": {"neg": 0.47502449383716994, "neutral": 0.03350763198137937, "pos": 0.5249755061628301}, "label": "pos"}, "i am just not doing very well and i'm just tired": {"probability": {"neg": 0.7117079199174134, "neutral": 0.17319786485220023, "pos": 0.2882920800825866}, "label": "neg"}, "you know exhausted and just out i'm like running out of steam": {"probability": {"neg": 0.7559072109581519, "neutral": 0.10542344458564346, "pos": 0.24409278904184806}, "label": "neg"}, "i guess i don't know": {"probability": {"neg": 0.7900512198632971, "neutral": 0.33718751441938016, "pos": 0.20994878013670296}, "label": "neg"}, "i just really hate my life right now": {"probability": {"neg": 0.677110778676727, "neutral": 0.07905488717923063, "pos": 0.322889221323273}, "label": "neg"}, "i hate just it's like everywhere": {"probability": {"neg": 0.7754800909929985, "neutral": 0.03541139630371463, "pos": 0.22451990900700144}, "label": "neg"}, "i go where i live": {"probability": {"neg": 0.48803443302802885, "neutral": 0.2802129779550598, "pos": 0.5119655669719712}, "label": "pos"}, "you know so doctors like just whatever i don't know it just seems like everything is just everything i do or go or whatever just turns to crap": {"probability": {"neg": 0.8243534653055827, "neutral": 0.06928519983654603, "pos": 0.1756465346944173}, "label": "neg"}, "i just feel so overwhelmed and just i'm just kind of starting to": {"probability": {"neg": 0.6056155985298334, "neutral": 0.17232571905249927, "pos": 0.3943844014701666}, "label": "neg"}, "i honestly think i'm started like i'm starting to so see a lot more because, like i don't know what it is, i feel like i'm not there or what almost like you know when you get put under it like you're there and then the next thing": {"probability": {"neg": 0.7215707308524382, "neutral": 0.2669344643789398, "pos": 0.27842926914756183}, "label": "neg"}, "you know you're waking up, that's kind of like how i've been feeling lately": {"probability": {"neg": 0.4771108589959232, "neutral": 0.0334527081026107, "pos": 0.5228891410040768}, "label": "pos"}, "it's just i kind of lose time and i think, but i was having such a hard time coping, that my brain is trying to help me not think about all the bad things that have been happening": {"probability": {"neg": 0.8552098925692616, "neutral": 0.11603250926792291, "pos": 0.1447901074307384}, "label": "neg"}, "i wish i wish i could give him the help": {"probability": {"neg": 0.6689124914019893, "neutral": 0.7808848982459337, "pos": 0.3310875085980108}, "label": "neutral"}, "let my son know it": {"probability": {"neg": 0.4727766267110658, "neutral": 0.4392121982771184, "pos": 0.5272233732889342}, "label": "pos"}, "i could find somebody who's not gon na and dismiss him because of his behavior": {"probability": {"neg": 0.6463564215409705, "neutral": 0.6050569834043823, "pos": 0.35364357845902944}, "label": "neutral"}, "i think i tell what is what it's like and i need help, but no one will help me": {"probability": {"neg": 0.6259740062040725, "neutral": 0.3334541409899703, "pos": 0.3740259937959275}, "label": "neg"}, "i can't find anyone or so far i don't know what to say about that": {"probability": {"neg": 0.7800398475076947, "neutral": 0.1502855172120624, "pos": 0.21996015249230527}, "label": "neg"}, "i just": {"probability": {"neg": 0.5801541152298377, "neutral": 0.3565854356919375, "pos": 0.41984588477016227}, "label": "neg"}}