{"i just i'm a happy bubbly person, you know what i'm saying and that's one thing i want to say": {"probability": {"neg": 0.3191248425316938, "neutral": 0.0034841748764292877, "pos": 0.6808751574683062}, "label": "pos"}, "y'all know me, as the goofy, the goofy motherfucker, who, who make everybody else, laugh deep down, i'm hurting on the inside": {"probability": {"neg": 0.6170315048709003, "neutral": 0.15489083206964935, "pos": 0.3829684951290997}, "label": "neg"}, "so if you got a friend, that's always making you laugh or anybody else laugh around around you or anything like that": {"probability": {"neg": 0.4104732307274539, "neutral": 0.3024700995269704, "pos": 0.5895267692725461}, "label": "pos"}, "if you have a friend like that man check on them, because they not all right, they not okay, you know, i'm saying it's always the goofy, the goofy quiet wise": {"probability": {"neg": 0.3713105124797935, "neutral": 0.10286836497119134, "pos": 0.6286894875202065}, "label": "pos"}, "you know what i'm saying check on check on them check on y'all our peoples, man, they not! okay, man and i feel for them it's just like when you walk around with y'all, hey trying to hold your head, i feel like making other people who laugh and happy man": {"probability": {"neg": 0.4125961743517612, "neutral": 0.24799334983702662, "pos": 0.5874038256482388}, "label": "pos"}, "that was like that's kind of like it's kind of like a stable thing for depression": {"probability": {"neg": 0.44044002784432057, "neutral": 0.036409614917053586, "pos": 0.5595599721556794}, "label": "pos"}, "i don't know why, but it seemed like all the goofy people, all the comedians and all the comedians": {"probability": {"neg": 0.6603616688096228, "neutral": 0.0001241466855663256, "pos": 0.33963833119037723}, "label": "neg"}, "they really be depressed as fuck like robin williams": {"probability": {"neg": 0.7459294068836408, "neutral": 0.1031040466933034, "pos": 0.25407059311635916}, "label": "neg"}, "he was an on-set": {"probability": {"neg": 0.5223398431570464, "neutral": 0.9208980889465072, "pos": 0.4776601568429536}, "label": "neutral"}, "i don't know him": {"probability": {"neg": 0.6924591349940528, "neutral": 0.37293416674616653, "pos": 0.30754086500594724}, "label": "neg"}, "you plan on a movie mr": {"probability": {"neg": 0.4249843706249835, "neutral": 0.39940936450726844, "pos": 0.5750156293750165}, "label": "pos"}, "doll, fair and other classics, and i'm saying i can't really thinking on top of my head": {"probability": {"neg": 0.782495399598072, "neutral": 0.1469426361817923, "pos": 0.21750460040192796}, "label": "neg"}, "no, i can't really thinking off the top of my head": {"probability": {"neg": 0.7850201877970371, "neutral": 0.1579943532766572, "pos": 0.21497981220296292}, "label": "neg"}, "only thing that came to my head was miss out her and he was a famous comedian": {"probability": {"neg": 0.7778956122613252, "neutral": 0.659662736928251, "pos": 0.22210438773867486}, "label": "neutral"}, "he killed himself suicide and i feel like people, don't take people, don't a depression, serious enough until it's too late": {"probability": {"neg": 0.7660273100054577, "neutral": 0.1452670065813821, "pos": 0.23397268999454235}, "label": "neg"}, "you know what i'm saying until it's too late and every time i think about him, like you know what i'm saying i feel like he really made other people laugh and smile, but this nigga really was hurt and he really was hurt": {"probability": {"neg": 0.733821334560796, "neutral": 0.1393963524803423, "pos": 0.26617866543920404}, "label": "neg"}, "i'm just like i'm making this video i'm making this video too": {"probability": {"neg": 0.6413617592241969, "neutral": 0.3405468081705687, "pos": 0.35863824077580314}, "label": "neg"}, "i don't know, what's next one y'all, i don't know what guy has the story for me": {"probability": {"neg": 0.7720771265652848, "neutral": 0.33433729536130263, "pos": 0.2279228734347152}, "label": "neg"}, "i don't know what i should do next with my next movie": {"probability": {"neg": 0.7363647338811236, "neutral": 0.333563022289951, "pos": 0.26363526611887644}, "label": "neg"}, "honestly, i'm just you know, i'm just going through the motions right now": {"probability": {"neg": 0.6785470715967866, "neutral": 0.1652362624610136, "pos": 0.3214529284032134}, "label": "neg"}, "you know it's kind of tough, it's kind of tough man": {"probability": {"neg": 0.44165823423922657, "neutral": 0.05590571783481233, "pos": 0.5583417657607734}, "label": "pos"}, "i've been talking to chris a lot man": {"probability": {"neg": 0.6263950492969484, "neutral": 0.3433010696887342, "pos": 0.37360495070305155}, "label": "neg"}, "he actually wants me to come down there": {"probability": {"neg": 0.7491627094684222, "neutral": 0.49799223406166876, "pos": 0.2508372905315778}, "label": "neg"}, "he actually want me to come down there visit just you know, sancious be around be around somebody": {"probability": {"neg": 0.6293307078813127, "neutral": 0.27125327511326497, "pos": 0.37066929211868727}, "label": "neg"}, "you know i'm around jazz, but it's just like that'd be like a breath of fresh air just going down to another state, and just you know just hanging around somebody": {"probability": {"neg": 0.2739106128846267, "neutral": 0.20194383717083667, "pos": 0.7260893871153733}, "label": "pos"}, "you know, i know that shit might sound weird, but it might sound weird because y'all fracking blood y'all, you got just a nigga round, but it's different when you'll be around somebody 24/7 like every day": {"probability": {"neg": 0.5493507766785336, "neutral": 0.11477088374768829, "pos": 0.4506492233214664}, "label": "neg"}, "there's nothing bad about it, but it is": {"probability": {"neg": 0.8731344440243578, "neutral": 0.11385341638582529, "pos": 0.12686555597564214}, "label": "neg"}, "it feel good to get a knob some breath of fresh air": {"probability": {"neg": 0.2242933425789373, "neutral": 0.1644078256233602, "pos": 0.7757066574210627}, "label": "pos"}, "you know i'm saying get out and hang around somebody ledge or something like that or it don't matter, but i just i just might end up": {"probability": {"neg": 0.7060955602252105, "neutral": 0.3335570722122772, "pos": 0.2939044397747895}, "label": "neg"}, "you know i'm saying i'm leaving i'm not sure you um, i'm not even showing that, but guys know i love her": {"probability": {"neg": 0.6342034427360626, "neutral": 0.10028680107914874, "pos": 0.3657965572639374}, "label": "neg"}, "i love my daughter to death": {"probability": {"neg": 0.36755548410103545, "neutral": 0.5202277932394795, "pos": 0.6324445158989646}, "label": "neutral"}, "i don't play about neither one of them": {"probability": {"neg": 0.7778530280821667, "neutral": 0.3386961351473792, "pos": 0.2221469719178333}, "label": "neg"}, "i just got some stuff to figure out on my own": {"probability": {"neg": 0.674747898985907, "neutral": 0.016419315246234373, "pos": 0.3252521010140929}, "label": "neg"}, "the reason i'm making this video and i'll probably make a cute": {"probability": {"neg": 0.5179087745236718, "neutral": 0.0040992385429364725, "pos": 0.4820912254763282}, "label": "neg"}, "i probably do the q": {"probability": {"neg": 0.5037526781600326, "neutral": 0.3457566713635598, "pos": 0.49624732183996745}, "label": "neg"}}