{"you know what i mean like i, don't i'm not a positive person": {"probability": {"neg": 0.7210268150932426, "neutral": 0.12922447030348727, "pos": 0.2789731849067573}, "label": "neg"}, "i don't like people, i don't like the world, you know": {"probability": {"neg": 0.4779587978924058, "neutral": 0.3363976765214541, "pos": 0.5220412021075942}, "label": "pos"}, "sometimes i really wish i just died": {"probability": {"neg": 0.6589983369707793, "neutral": 0.030089868188364528, "pos": 0.3410016630292207}, "label": "neg"}, "you know i never really honestly felt like i'm gon na": {"probability": {"neg": 0.5825764486532968, "neutral": 0.001153831235074087, "pos": 0.41742355134670317}, "label": "neg"}, "i don't feel like": {"probability": {"neg": 0.7099011991101161, "neutral": 0.33523015935794215, "pos": 0.2900988008898839}, "label": "neg"}, "i don't want to make it to 40 anyway, not with my life, not the way i stressed and unhappy as i being sometimes dealing with people shit man": {"probability": {"neg": 0.6926175526670181, "neutral": 0.06172885006476244, "pos": 0.3073824473329819}, "label": "neg"}, "i cannot see any way possible": {"probability": {"neg": 0.5863808746394836, "neutral": 0.02647750847341775, "pos": 0.4136191253605164}, "label": "neg"}, "did i get the 40? i don't know if i'd be here number 10 years": {"probability": {"neg": 0.7652478209001751, "neutral": 0.3394657520597208, "pos": 0.23475217909982493}, "label": "neg"}, "i really don't think jayla 47 would be on this earth in ten years": {"probability": {"neg": 0.686878278425143, "neutral": 0.2149535429880031, "pos": 0.31312172157485696}, "label": "neg"}, "ten years from now i just my personal opinion": {"probability": {"neg": 0.41649462921906966, "neutral": 0.4109401266706783, "pos": 0.5835053707809303}, "label": "pos"}, "i don't, i don't feel like it": {"probability": {"neg": 0.7074652780595032, "neutral": 0.3344378494855374, "pos": 0.2925347219404968}, "label": "neg"}, "i don't see it, i don't imagine it and, to be honest, i don't want": {"probability": {"neg": 0.5298186232794266, "neutral": 0.03387036360508533, "pos": 0.4701813767205733}, "label": "neg"}, "i really don't care": {"probability": {"neg": 0.7652233606319421, "neutral": 0.0032570078875255267, "pos": 0.23477663936805787}, "label": "neg"}, "if i died a day, it would honestly it'd be the best thing that could've ever because i'm just i'm just fed up with people": {"probability": {"neg": 0.3484487302301442, "neutral": 0.2377577034195831, "pos": 0.6515512697698558}, "label": "pos"}, "i don't like people, you know they, they just liars, they're, just the seat, the seat fool they they not": {"probability": {"neg": 0.614679256320835, "neutral": 0.3356869731201407, "pos": 0.3853207436791651}, "label": "neg"}, "i think this honest, you know i just and for me it just thing like i just had like a bad luck": {"probability": {"neg": 0.7482269984300286, "neutral": 0.07254939172255179, "pos": 0.2517730015699714}, "label": "neg"}, "charm, you know what i mean": {"probability": {"neg": 0.47648266229570746, "neutral": 0.11764735085550249, "pos": 0.5235173377042925}, "label": "pos"}, "it's like i try to do good in this world, and all i ever get back in return is bad back back back": {"probability": {"neg": 0.6759029017822795, "neutral": 0.6640934936924126, "pos": 0.3240970982177205}, "label": "neutral"}, "you know it was like": {"probability": {"neg": 0.4966752527795417, "neutral": 0.371852501202564, "pos": 0.5033247472204583}, "label": "pos"}, "can you get a job jay? that's gon na work for you a job where you want to make the money that you want to make a job where you want to be comfortable at that": {"probability": {"neg": 0.41778938472585203, "neutral": 0.34756273022615475, "pos": 0.582210615274148}, "label": "pos"}, "you were like where you have good coworkers": {"probability": {"neg": 0.4269168005716101, "neutral": 0.15960578044156035, "pos": 0.5730831994283899}, "label": "pos"}, "no can't get that all you're gon na be able to be able to go back and finish college, my situation and my living arrangements, and things like that": {"probability": {"neg": 0.6535445903293485, "neutral": 0.5093994358566389, "pos": 0.34645540967065147}, "label": "neutral"}, "stops me from doing that, and you know what i mean me money to go to college": {"probability": {"neg": 0.7036615562840192, "neutral": 0.22018339537665263, "pos": 0.2963384437159808}, "label": "neg"}, "you know i mean every time i try to get some type of help, as always the type of burden on the court": {"probability": {"neg": 0.6434387918974463, "neutral": 0.15750909134439187, "pos": 0.35656120810255365}, "label": "neg"}, "so that's not the book right now and i need money": {"probability": {"neg": 0.5866401981483098, "neutral": 0.17516668841409522, "pos": 0.4133598018516902}, "label": "neg"}, "i don't got time for college": {"probability": {"neg": 0.754141528727254, "neutral": 0.35283594572906263, "pos": 0.24585847127274593}, "label": "neg"}, "you know i mean it'd be hard for me to do that": {"probability": {"neg": 0.5942742342625498, "neutral": 0.12962187839911052, "pos": 0.4057257657374503}, "label": "neg"}, "anyway, you know and then it's like what about your depression": {"probability": {"neg": 0.48715636080503033, "neutral": 0.341240884615049, "pos": 0.5128436391949697}, "label": "pos"}, "you know what i mean, i'm still going through, that i don't know they might know, but i'm mentally though i have major depression, i mean so you're not trying to take medicine for that, but that just seemed like that": {"probability": {"neg": 0.8051803750301152, "neutral": 0.12668801341137187, "pos": 0.1948196249698848}, "label": "neg"}, "just gets worse": {"probability": {"neg": 0.8032204969980122, "neutral": 0.3542065375867392, "pos": 0.19677950300198777}, "label": "neg"}, "my depression is not improving at all like ever since my father died and my grandmom died just like it's just been getting worse and worse and worse, you feel me": {"probability": {"neg": 0.7839470572520117, "neutral": 0.2216595913217686, "pos": 0.2160529427479882}, "label": "neg"}, "so that's not improving": {"probability": {"neg": 0.5994661792959786, "neutral": 0.3620838418752337, "pos": 0.40053382070402144}, "label": "neg"}, "you know relationships": {"probability": {"neg": 0.34169239693203135, "neutral": 0.41633006037577464, "pos": 0.6583076030679686}, "label": "pos"}, "you try to": {"probability": {"neg": 0.4899370647437775, "neutral": 0.588691489174126, "pos": 0.5100629352562225}, "label": "neutral"}, "you know get in relationships for people, but people buddy, don't want that": {"probability": {"neg": 0.4924056432186884, "neutral": 0.36684804814844196, "pos": 0.5075943567813116}, "label": "pos"}, "you know they don't know how to be honest": {"probability": {"neg": 0.6341494960617761, "neutral": 0.12039671925650917, "pos": 0.36585050393822394}, "label": "neg"}, "you know, i mean you give you all and they only they only give you 25 %, but you give a hundred percent": {"probability": {"neg": 0.5405526719877447, "neutral": 0.21600483567638007, "pos": 0.45944732801225524}, "label": "neg"}, "you know it's": {"probability": {"neg": 0.42018561230008533, "neutral": 0.35509829851472513, "pos": 0.5798143876999147}, "label": "pos"}, "just all around the board - man, i'm just this unhappy, but a lot of things that go on man, i'm just fully": {"probability": {"neg": 0.7680277127884232, "neutral": 0.16592825179072232, "pos": 0.2319722872115768}, "label": "neg"}, "i don't like this world, i don't like this world, i don't like people, you know i mean it seemed like life is just so fucked up and unfair": {"probability": {"neg": 0.7022066280262134, "neutral": 0.06997372913579707, "pos": 0.29779337197378664}, "label": "neg"}, "it's like good people": {"probability": {"neg": 0.34995935862787775, "neutral": 0.13843817668601358, "pos": 0.6500406413721223}, "label": "pos"},