{"but i don't even remember him being here": {"probability": {"neg": 0.7612143205738829, "neutral": 0.34061693578581737, "pos": 0.2387856794261171}, "label": "neg"}, "i woke up so drunk at 3 o'clock in the afternoon the next day and i just felt so pathetic": {"probability": {"neg": 0.8473126741428091, "neutral": 0.1705132130930527, "pos": 0.15268732585719091}, "label": "neg"}, "i was like what am i doing with my life and i just felt miserable": {"probability": {"neg": 0.7786019550673655, "neutral": 0.011461587717895039, "pos": 0.22139804493263449}, "label": "neg"}, "i was like": {"probability": {"neg": 0.6457820045089729, "neutral": 0.34979460300977494, "pos": 0.35421799549102706}, "label": "neg"}, "why am i like this? why do i do this? to myself? like i am such a fuckup? i can't do anything right": {"probability": {"neg": 0.7744822090716923, "neutral": 0.21101262552235645, "pos": 0.22551779092830765}, "label": "neg"}, "like i said i it makes me feel worse that i am": {"probability": {"neg": 0.8167811579600047, "neutral": 0.13356599790449733, "pos": 0.18321884203999528}, "label": "neg"}, "i have so much potential": {"probability": {"neg": 0.6785119951649852, "neutral": 0.014802721658459828, "pos": 0.3214880048350149}, "label": "neg"}, "i do good at school and i do good at sports": {"probability": {"neg": 0.48546161009964006, "neutral": 0.1950189737919159, "pos": 0.5145383899003599}, "label": "pos"}, "i had an amazing job and made some record to sales record and i had just thrown that all away, and i was just unlocked bottom, so i had this moment that i just didn't want to live anymore": {"probability": {"neg": 0.7240649682684386, "neutral": 0.14218722472340842, "pos": 0.2759350317315614}, "label": "neg"}, "i just didn't want to keep going and i've been having like suicidal thoughts two months before nobody was home and i i just went into some soul like i don't know how to describe it": {"probability": {"neg": 0.7859391109700304, "neutral": 0.3667187263630894, "pos": 0.2140608890299695}, "label": "neg"}, "i was just i couldn't think of anything positive": {"probability": {"neg": 0.7646614843674695, "neutral": 0.15913805854646546, "pos": 0.23533851563253044}, "label": "neg"}, "i was so low": {"probability": {"neg": 0.6636874800413899, "neutral": 0.24430089884465608, "pos": 0.33631251995861017}, "label": "neg"}, "i just wanted to kill myself": {"probability": {"neg": 0.7521689937779413, "neutral": 0.5896212304786439, "pos": 0.2478310062220587}, "label": "neutral"}, "i just wanted to end this and i tried there was no wine at home, except this one bottle": {"probability": {"neg": 0.8099404977970963, "neutral": 0.3499180487177984, "pos": 0.1900595022029037}, "label": "neg"}, "it's like": {"probability": {"neg": 0.4825247374253453, "neutral": 0.34771761460518147, "pos": 0.5174752625746547}, "label": "pos"}, "i don't know 80 percent or something i don't even know what it's called, and i took sleep title them down with that bottle, and i said on the kitchen floor because i got a knife from there and started cutting myself and i thought that was gon na": {"probability": {"neg": 0.7992848211864947, "neutral": 0.1530204124702185, "pos": 0.20071517881350526}, "label": "neg"}, "be easy because i didn't really feel physical pain at that stain, but it just um was harder than i thought so i was like": {"probability": {"neg": 0.7092916070697688, "neutral": 0.16867098992336346, "pos": 0.29070839293023115}, "label": "neg"}, "why isn't this working like with a huge at night and it's always started like sawing, and i was just sawing until i fell asleep from the pills": {"probability": {"neg": 0.6917526290404595, "neutral": 0.1869907565452159, "pos": 0.30824737095954047}, "label": "neg"}, "i thought that was my rock bottom, but when i woke up to my mom freaking out crying, she found me on the floor and she was just like hysterical and i [ music ] had not thought about if it failed, but that happened, and that was heartbreaking to see my mom there [ music ] and they made me throw up, then i was just watched 24/7": {"probability": {"neg": 0.8885955608369721, "neutral": 0.21673233979332118, "pos": 0.11140443916302792}, "label": "neg"}, "my best friend came over and took me to the hospital, and i was just my eyes were so swollen from crying and i was just a mess and i got a few interviews and then the mental doctor came": {"probability": {"neg": 0.8058744362843102, "neutral": 0.6743152965728557, "pos": 0.1941255637156898}, "label": "neutral"}, "he took me to a mental center": {"probability": {"neg": 0.6623852611843757, "neutral": 0.7195791531804008, "pos": 0.33761473881562437}, "label": "neutral"}, "i stayed there for three days talking to therapists and doctors and nurses, and i was watched 24/7 that really got to the root of the problem and that helped me a lot": {"probability": {"neg": 0.7270449404867829, "neutral": 0.03341257826669355, "pos": 0.2729550595132171}, "label": "neg"}, "i got some answers": {"probability": {"neg": 0.48366540319975626, "neutral": 0.4000881393185048, "pos": 0.5163345968002437}, "label": "pos"}, "i took like a lot of tests for mental health and it was just a lot of depression and anxiety and, of course, alcoholism": {"probability": {"neg": 0.5443938398658251, "neutral": 0.3675109845088202, "pos": 0.4556061601341749}, "label": "neg"}, "so the first thing i had to do was go to rehab to them see how bad my anxiety and depression is because alcohol numbs you i had to get alcohol out of the whole picture to them see i was theme and how serious my depression and anxiety and so that's what's happening now my mom and dad were going to america to visit my sister and they decided to take me with them because they didn't want to leave me alone now, i'm back, we were in america for a week": {"probability": {"neg": 0.7716682256541476, "neutral": 0.28103937957324354, "pos": 0.22833177434585245}, "label": "neg"}, "tomorrow is a day": {"probability": {"neg": 0.41604086355275005, "neutral": 0.9179225007208744, "pos": 0.58395913644725}, "label": "neutral"}, "i have to call and let them know that i'm back and go to rehab and i am kind of nervous": {"probability": {"neg": 0.5511090076500241, "neutral": 0.2016393347916625, "pos": 0.44889099234997587}, "label": "neg"}, "i don't know how it all works and i never thought i would be in this position because i don't know, there's nothing wrong with my life": {"probability": {"neg": 0.8073200032931845, "neutral": 0.03385148374745071, "pos": 0.19267999670681546}, "label": "neg"}, "i have a very supportive and a good family and good friends and we're not poor, there's nothing wrong with you": {"probability": {"neg": 0.5053667970953862, "neutral": 0.0907250147270849, "pos": 0.49463320290461377}, "label": "neg"}, "so that's what people think all the time that something has to happen for people like me": {"probability": {"neg": 0.4901842049774894, "neutral": 0.3455481362078263, "pos": 0.5098157950225106}, "label": "pos"}, "i guess like something has to be wrong or something has to happen or you go through some trauma or something to end up like me, but it's just mental disease, really there's nothing": {"probability": {"neg": 0.8518144582601335, "neutral": 0.10001558136817297, "pos": 0.14818554173986648}, "label": "neg"}, "you can do about it like i'm certain": {"probability": {"neg": 0.6418078596513975, "neutral": 0.14379900508104573, "pos": 0.3581921403486025}, "label": "neg"}}