{"so lately i'm gon na head to this": {"probability": {"neg": 0.5798619954000529, "neutral": 0.3621514531025041, "pos": 0.4201380045999471}, "label": "neg"}, "i feel feeling to past and, like i wan na, kill us": {"probability": {"neg": 0.6517821428133297, "neutral": 0.27001184331721, "pos": 0.34821785718667037}, "label": "neg"}, "i have three really good, descriptive reasons why i wanted this": {"probability": {"neg": 0.5449705541881493, "neutral": 0.009947459919542892, "pos": 0.4550294458118506}, "label": "neg"}, "i don't care if you guys kirsten you're lying to sell kitchen you're lying cheers you're": {"probability": {"neg": 0.5750574367206901, "neutral": 0.3338590880364187, "pos": 0.4249425632793099}, "label": "neg"}, "it's not true kirsten": {"probability": {"neg": 0.46387670264678305, "neutral": 0.17074256874758367, "pos": 0.536123297353217}, "label": "pos"}, "you shouldn't do this, you shouldn't you're just lying": {"probability": {"neg": 0.5359668130313724, "neutral": 0.23890937240239687, "pos": 0.46403318696862755}, "label": "neg"}, "i know you're, not gon na": {"probability": {"neg": 0.5237740402168176, "neutral": 0.33828058067493916, "pos": 0.47622595978318233}, "label": "neg"}, "do it you're too stupid you're too regular to do it": {"probability": {"neg": 0.668221331041609, "neutral": 0.15746580876294677, "pos": 0.3317786689583911}, "label": "neg"}, "no, i want to, and let's start with reason one moment i start every fight": {"probability": {"neg": 0.6982115338745176, "neutral": 0.33782683879218084, "pos": 0.30178846612548244}, "label": "neg"}, "i start fights at home my mom and be like kirsten look": {"probability": {"neg": 0.648639240190507, "neutral": 0.42777518260566166, "pos": 0.351360759809493}, "label": "neg"}, "what you've done you're the one who started this": {"probability": {"neg": 0.39974059589566424, "neutral": 0.3443802927127672, "pos": 0.6002594041043358}, "label": "pos"}, "i start friends it i start fights at school, i'll, say one little bitty word and it'll be a giant blood": {"probability": {"neg": 0.7157337306677065, "neutral": 0.09457805445587868, "pos": 0.28426626933229343}, "label": "neg"}, "it would be all cuz of me number two": {"probability": {"neg": 0.5864185587573603, "neutral": 0.3503294762835285, "pos": 0.4135814412426398}, "label": "neg"}, "i know i'm stupid, i know i'm worthless": {"probability": {"neg": 0.8471134528198185, "neutral": 0.03977749486471914, "pos": 0.15288654718018152}, "label": "neg"}, "i know i know nothing like nobody can do anything with me": {"probability": {"neg": 0.787083927605173, "neutral": 0.3457945133091472, "pos": 0.21291607239482702}, "label": "neg"}, "anything to help me and nobody in this whole way": {"probability": {"neg": 0.6927807094772539, "neutral": 0.6638312653975146, "pos": 0.3072192905227461}, "label": "neutral"}, "well, not even parents or family can change my mind about that number": {"probability": {"neg": 0.4457659386411431, "neutral": 0.34210164820713174, "pos": 0.5542340613588569}, "label": "pos"}, "three": {"probability": {"neg": 0.5283357028546967, "neutral": 0.7614967919520125, "pos": 0.47166429714530334}, "label": "neutral"}, "everyone would be better off without me, they wouldn't noticed notice, i'm gone and everything would be": {"probability": {"neg": 0.6613206617604923, "neutral": 0.18893681234118176, "pos": 0.3386793382395077}, "label": "neg"}, "okay, like i know, i'm sad and i know i'm too passed and i know they're worried, but if that's how i feel - and i really want to kill myself - it's not going to be their fault like it's not their fault": {"probability": {"neg": 0.8321455636223332, "neutral": 0.06461360140326716, "pos": 0.16785443637766684}, "label": "neg"}, "i should take the blame on me because i'm the one who started all this and very soon, i'm probably gon na, have to end all of it bye guys": {"probability": {"neg": 0.7232809705235074, "neutral": 0.24631338168556063, "pos": 0.27671902947649263}, "label": "neg"}, "hopefully i don't but": {"probability": {"neg": 0.649084902488565, "neutral": 0.3391414362501088, "pos": 0.350915097511435}, "label": "neg"}}