{"i just can't take this anymore, my school hates me people more people want more people want me dead and more people hate me more people, everyday, it's just driving me": {"probability": {"neg": 0.619703753029933, "neutral": 0.16747589579721286, "pos": 0.38029624697006703}, "label": "neg"}, "i can't take all this hate nor this pain on me": {"probability": {"neg": 0.848896071447581, "neutral": 0.17116266815818823, "pos": 0.15110392855241905}, "label": "neg"}, "so by tonight i want to die": {"probability": {"neg": 0.6771703833686094, "neutral": 0.3932546415247374, "pos": 0.32282961663139065}, "label": "neg"}, "i don't want to be here": {"probability": {"neg": 0.7143347709744836, "neutral": 0.33463633812064525, "pos": 0.28566522902551644}, "label": "neg"}, "this pain is just way too much for me to handle it's harder and harder for me everyday": {"probability": {"neg": 0.7695178315478065, "neutral": 0.27469474092138624, "pos": 0.23048216845219346}, "label": "neg"}, "it isn't easy": {"probability": {"neg": 0.6607658868516934, "neutral": 0.21039369031371136, "pos": 0.33923411314830665}, "label": "neg"}, "russian is very hard": {"probability": {"neg": 0.5323327074332054, "neutral": 0.40261467129067635, "pos": 0.4676672925667946}, "label": "neg"}, "it's hard on you, you and it's hard on people around you": {"probability": {"neg": 0.4582111635263304, "neutral": 0.15880325636790807, "pos": 0.5417888364736696}, "label": "pos"}, "i know if i'm not here, people would be more depressed, but i rather be gone than to be living in this freakin hellhole": {"probability": {"neg": 0.7191866934641353, "neutral": 0.1672289611326512, "pos": 0.2808133065358647}, "label": "neg"}, "it's not easy at all": {"probability": {"neg": 0.610608324603571, "neutral": 0.06819164634150861, "pos": 0.38939167539642905}, "label": "neg"}, "i just hate my life because nothing goes right, anymore": {"probability": {"neg": 0.6358592822396816, "neutral": 0.11899779542202753, "pos": 0.3641407177603185}, "label": "neg"}, "the people i want the most money just now, even though you are in depression": {"probability": {"neg": 0.3363957879969892, "neutral": 0.1797703966676488, "pos": 0.6636042120030108}, "label": "pos"}, "sometimes it can get better and sometimes it can get worse right now, i'm at my breaking point where i'm mourning to die and morning telling myself even more than our once some people can handle it": {"probability": {"neg": 0.6531870470636154, "neutral": 0.1674376902586431, "pos": 0.34681295293638453}, "label": "neg"}, "some people can't, and i'm i'm one of those people that can't handle it": {"probability": {"neg": 0.6958684876446145, "neutral": 0.30370073725849234, "pos": 0.3041315123553855}, "label": "neg"}}