{"hey how you doing, but i'm on much lately just been so weak": {"probability": {"neg": 0.5995131207726481, "neutral": 0.1998396797973954, "pos": 0.40048687922735193}, "label": "neg"}, "sorry about that": {"probability": {"neg": 0.7275359699436537, "neutral": 0.10654793085393678, "pos": 0.2724640300563463}, "label": "neg"}, "oh you guys who thought keep it up on post never did": {"probability": {"neg": 0.6029904092112829, "neutral": 0.382401995417115, "pos": 0.3970095907887171}, "label": "neg"}, "i will have to turn my this i coming out and talking to you all anyways, i'm here to talk to you about suicide": {"probability": {"neg": 0.47642304550888337, "neutral": 0.33661831933536607, "pos": 0.5235769544911166}, "label": "pos"}, "one number one leading deaths in the u": {"probability": {"neg": 0.5513792919588224, "neutral": 0.93411626114793, "pos": 0.4486207080411776}, "label": "neutral"}, "s": {"probability": {"neg": 0.4980255247019991, "neutral": 0.5745725240991877, "pos": 0.5019744752980009}, "label": "neutral"}, ", probably even around the world, us we have main problem bowling suicide thousand main couple episodes reasons": {"probability": {"neg": 0.4895650536811278, "neutral": 0.3767756786314025, "pos": 0.5104349463188722}, "label": "pos"}, "breakups social abuse, regular abuse, physical emotional, it happens gives a ton of reasons but happens mainly with teenagers": {"probability": {"neg": 0.4041208665351397, "neutral": 0.5499112053665701, "pos": 0.5958791334648603}, "label": "neutral"}, "i believe nothing, not good, because those teenagers haven't lived": {"probability": {"neg": 0.5449243096873975, "neutral": 0.1419363171276198, "pos": 0.4550756903126025}, "label": "neg"}, "they haven't experienced all the life they've experienced": {"probability": {"neg": 0.4622171888977056, "neutral": 0.24262169517301332, "pos": 0.5377828111022944}, "label": "pos"}, "can you fired from the first job or going on and marrying someone falling above some teenagers do get that not many most teenagers aren't married if they did 15 or anything, i'm sure as hell, not but suicide": {"probability": {"neg": 0.6199416978994474, "neutral": 0.6780330669295523, "pos": 0.3800583021005526}, "label": "neutral"}, "it takes that stuff away from that person": {"probability": {"neg": 0.49712263180740035, "neutral": 0.6999444890040799, "pos": 0.5028773681925996}, "label": "neutral"}, "we all can help that person out": {"probability": {"neg": 0.4889292479312872, "neutral": 0.695168831111796, "pos": 0.5110707520687128}, "label": "neutral"}, "you know we can talk to them, say what's up man, why are you struggling to you why you? why are you crying last hour why you kind of work today we can talk to them": {"probability": {"neg": 0.5926066147007392, "neutral": 0.166955594079898, "pos": 0.40739338529926084}, "label": "neg"}, "there's many different ways": {"probability": {"neg": 0.2876361490212509, "neutral": 0.2527951292565995, "pos": 0.7123638509787491}, "label": "pos"}, "we can talk to them too": {"probability": {"neg": 0.4396665103712294, "neutral": 0.3856625422324768, "pos": 0.5603334896287706}, "label": "pos"}, "don't go straight up them yuck, and why are you crying don't do that? it's not good": {"probability": {"neg": 0.6962072480934098, "neutral": 0.15664751072454916, "pos": 0.3037927519065902}, "label": "neg"}, "try me not subtle, but it's easing to it": {"probability": {"neg": 0.5567251788877199, "neutral": 0.17139304314363757, "pos": 0.4432748211122801}, "label": "neg"}, "don't straight, go in, say why you crying today talk to that": {"probability": {"neg": 0.6558522795808803, "neutral": 0.17567743084338158, "pos": 0.3441477204191196}, "label": "neg"}, "i mean they're, probably not gon na, want to just go straight in just let them know you're there for them go to them": {"probability": {"neg": 0.6857420564657581, "neutral": 0.18449647480351214, "pos": 0.31425794353424186}, "label": "neg"}, "tell them! i'm here got your back": {"probability": {"neg": 0.6369727466344499, "neutral": 0.3518213540375572, "pos": 0.36302725336555014}, "label": "neg"}, "if you need anything boss laying into you i'll, try and stand up for you, don't risk job but trying the person i now can get to whatever they're having problem with": {"probability": {"neg": 0.6152058978996494, "neutral": 0.49328325993626515, "pos": 0.3847941021003506}, "label": "neg"}, "maybe they were divorced or having problems with financial": {"probability": {"neg": 0.5901361174182905, "neutral": 0.9393499629905221, "pos": 0.40986388258170947}, "label": "neutral"}, "you know that maybe they're homeless they're not be able to support themselves with job": {"probability": {"neg": 0.3562224134719225, "neutral": 0.6861375212889476, "pos": 0.6437775865280775}, "label": "neutral"}, "maybe you offer you your room up to them with them half of the couch for a little while, so i can get back on their feet and sell the debt there, but also with teenagers": {"probability": {"neg": 0.6121675840515602, "neutral": 0.8306151005794602, "pos": 0.38783241594843976}, "label": "neutral"}, "if you're walking on the halls and see someone crying don't just go": {"probability": {"neg": 0.5967511347455371, "neutral": 0.13788999755119294, "pos": 0.4032488652544629}, "label": "neg"}, "okay, they're crying swords normal": {"probability": {"neg": 0.5909042060091951, "neutral": 0.6681850070100714, "pos": 0.4090957939908049}, "label": "neutral"}, "it is normal, but it's not normal": {"probability": {"neg": 0.5119599506664708, "neutral": 0.13875492487479546, "pos": 0.4880400493335292}, "label": "neg"}, "just to let it go": {"probability": {"neg": 0.5367199857498384, "neutral": 0.6416720013180517, "pos": 0.46328001425016163}, "label": "neutral"}, "don't do that": {"probability": {"neg": 0.5794820964435026, "neutral": 0.3629700962510522, "pos": 0.4205179035564974}, "label": "neg"}, "you can help someone out many different ways being there": {"probability": {"neg": 0.3605464240686247, "neutral": 0.3714452385117786, "pos": 0.6394535759313753}, "label": "pos"}, "it's number one way, always let someone know you're there for them": {"probability": {"neg": 0.4466799025616913, "neutral": 0.34045025642632415, "pos": 0.5533200974383087}, "label": "pos"}, "if you care about them, let them know that don't just blow them off": {"probability": {"neg": 0.6534119611235559, "neutral": 0.33606442455929103, "pos": 0.34658803887644407}, "label": "neg"}, "many people go through many different things": {"probability": {"neg": 0.4391895683239555, "neutral": 0.632285481967545, "pos": 0.5608104316760445}, "label": "neutral"}, "some are raked shot at beat it up": {"probability": {"neg": 0.6389482349603479, "neutral": 0.39957946508960857, "pos": 0.36105176503965203}, "label": "neg"}, "we're just called me names and that takes into them": {"probability": {"neg": 0.6316957467656208, "neutral": 0.4053163292299817, "pos": 0.3683042532343792}, "label": "neg"}, "it doesn't mean that you can just let it be": {"probability": {"neg": 0.7113525973787586, "neutral": 0.10915576313132948, "pos": 0.28864740262124144}, "label": "neg"}, "if you see you know someone, don't do something like that": {"probability": {"neg": 0.5858389486702718, "neutral": 0.33433552440487957, "pos": 0.41416105132972825}, "label": "neg"}, "don't let go you can't let that go": {"probability": {"neg": 0.6860450840840852, "neutral": 0.31372891368284095, "pos": 0.31395491591591485}, "label": "neg"}, "it's not good": {"probability": {"neg": 0.5678135822197632, "neutral": 0.1447940526190283, "pos": 0.4321864177802368}, "label": "neg"}, "there's all different types of suicides": {"probability": {"neg": 0.42119081678598125, "neutral": 0.38770639748231944, "pos": 0.5788091832140188}, "label": "pos"}, "we all know that some hang themselves": {"probability": {"neg": 0.43293815630581167, "neutral": 0.4822584993689894, "pos": 0.5670618436941883}, "label": "pos"},