{"hello youtube": {"probability": {"neg": 0.45449261033257815, "neutral": 0.5950890614040548, "pos": 0.5455073896674218}, "label": "neutral"}, "i just wanted to say first of all that this is not and never will be, a click beat video": {"probability": {"neg": 0.6984230667595035, "neutral": 0.2261510131596918, "pos": 0.3015769332404965}, "label": "neg"}, "i was thinking about making this video earlier, but it just happened": {"probability": {"neg": 0.7354108630368686, "neutral": 0.1703840882545146, "pos": 0.26458913696313135}, "label": "neg"}, "i ended up taking a nap to get my mind off things and now that i'm awake really trying not to cry": {"probability": {"neg": 0.754324518984716, "neutral": 0.02419550380077527, "pos": 0.24567548101528403}, "label": "neg"}, "i don't even know how i am crying because i feel like i have like no tears left, but i woke up from my nap and i expected to feel better": {"probability": {"neg": 0.847462333656039, "neutral": 0.20925232204955915, "pos": 0.1525376663439611}, "label": "neg"}, "i expected to feel better, but i'm not i feel worse than before": {"probability": {"neg": 0.8183178031110565, "neutral": 0.17279752585917865, "pos": 0.1816821968889435}, "label": "neg"}, "i went to sleep": {"probability": {"neg": 0.6967994654709121, "neutral": 0.36948974887270447, "pos": 0.3032005345290879}, "label": "neg"}, "i feel like complete trash, and i don't know if this is gon na - be a good thing that i'm putting this video out on the internet": {"probability": {"neg": 0.7496613928057292, "neutral": 0.16676307229429146, "pos": 0.2503386071942708}, "label": "neg"}, "i don't know if it's gon na be a bad thing, but i feel horrible": {"probability": {"neg": 0.876963627017176, "neutral": 0.055740260427283535, "pos": 0.12303637298282398}, "label": "neg"}, "i know about none to little people or even gon na see this video": {"probability": {"neg": 0.6641606540879124, "neutral": 0.16813225690124164, "pos": 0.33583934591208764}, "label": "neg"}, "i feel like it's hard to talk to people in person": {"probability": {"neg": 0.6569610943687827, "neutral": 0.15315106666780656, "pos": 0.3430389056312173}, "label": "neg"}, "one-on-one face-to-face but saying it on video is so much easier": {"probability": {"neg": 0.7839116240007566, "neutral": 0.2994819002313642, "pos": 0.2160883759992433}, "label": "neg"}, "i don't know how, just as i guess before you ask in the comments and my old medications am i getting help? yes and yes, i take an antidepressant and a mood stabilizer i take both in the morning and i take foods that night": {"probability": {"neg": 0.6333150953950403, "neutral": 0.27090452595919196, "pos": 0.3666849046049597}, "label": "neg"}, "i do have an appointment to get a new counselor because i haven't been counseled in the past": {"probability": {"neg": 0.6654215047297364, "neutral": 0.4744205407056621, "pos": 0.3345784952702636}, "label": "neg"}, "i want to say three months, but yes, i do have an appointment for that": {"probability": {"neg": 0.6408444960332363, "neutral": 0.37924651293602557, "pos": 0.35915550396676366}, "label": "neg"}, "i don't know": {"probability": {"neg": 0.6947344769577357, "neutral": 0.3417146759557139, "pos": 0.30526552304226423}, "label": "neg"}, "i just feel like absolute trash": {"probability": {"neg": 0.6635330622171319, "neutral": 0.03660527978982057, "pos": 0.33646693778286807}, "label": "neg"}, "it's like sometimes, i feel, physical pain from being alive and the days that i majorly depressed": {"probability": {"neg": 0.5135857354250187, "neutral": 0.2510068314456903, "pos": 0.48641426457498127}, "label": "neg"}, "i also feel pain from even moving, and i can tell you this right now it does suck to suck": {"probability": {"neg": 0.5734460981474597, "neutral": 0.15506429409471698, "pos": 0.4265539018525403}, "label": "neg"}, "i feel like are nothing to know what i've been diagnosed with: depression, anxiety, depression, anxiety and bipolar, so the moments that i am happy, it doesn't last long at all, but the moments that i'm sad and feel like killing myself": {"probability": {"neg": 0.8066942223353147, "neutral": 0.12786619269662086, "pos": 0.19330577766468526}, "label": "neg"}, "it seems like good, they last forever, not happy with my life, i'm not doing anything with it": {"probability": {"neg": 0.5572285536429854, "neutral": 0.19066355660857962, "pos": 0.4427714463570146}, "label": "neg"}, "so, what's the point of being here, you know i graduated so none in school, i'm currently taking a gap year until i go to college and they i feel like it's taking forever": {"probability": {"neg": 0.7881484983680117, "neutral": 0.3424240016492503, "pos": 0.21185150163198826}, "label": "neg"}, "i just i feel like it's taking forever for college to get here for having my own car to get here for just pure undeniable happiness to get here": {"probability": {"neg": 0.5979889626320021, "neutral": 0.14571958231361232, "pos": 0.40201103736799787}, "label": "neg"}, "i just feel like it's taking forever": {"probability": {"neg": 0.6913116934762187, "neutral": 0.33612519125380663, "pos": 0.30868830652378126}, "label": "neg"}, "you know people say it does get better": {"probability": {"neg": 0.37775704644261443, "neutral": 0.17450234647414162, "pos": 0.6222429535573856}, "label": "pos"}, "well, when please tell me one because it has almost been 10 years for me for me, it has almost been an entire decade for happiness to come, for this pain to move away - and i know this video isn't gon na get like any views": {"probability": {"neg": 0.6763827155210522, "neutral": 0.23080098292217166, "pos": 0.3236172844789478}, "label": "neg"}, "i mean that doesn't matter to me, it's just that they want friends to talk to": {"probability": {"neg": 0.8045632718303182, "neutral": 0.10822642877432749, "pos": 0.19543672816968177}, "label": "neg"}, "i want people to hear me out": {"probability": {"neg": 0.651287671371676, "neutral": 0.34406522385619803, "pos": 0.34871232862832396}, "label": "neg"}, "there's a lot that whoever's listening out there healing this video there's a lot": {"probability": {"neg": 0.4496049733287525, "neutral": 0.3477379447594366, "pos": 0.5503950266712475}, "label": "pos"}, "pat, you don't know this video says little to nothing about me about what i've been through right now": {"probability": {"neg": 0.8101479921689669, "neutral": 0.1609302361275248, "pos": 0.18985200783103312}, "label": "neg"}, "i can truly tell you that being alive sucks, it really does right now, as you can see, i'm laying my bet just feels like i have nothing to live for, so why not just go you know i can feel the tears like coming up, but they're, not you know like coming out because, like i said i just feel like i don't have any more left, there might be a little wetness like i just rubbed away, but i was anything that i literally have no tears left to cry": {"probability": {"neg": 0.8251763485406822, "neutral": 0.19497908476167766, "pos": 0.17482365145931777}, "label": "neg"}, "let's slide them all out": {"probability": {"neg": 0.5592136988377869, "neutral": 0.7822786815943451, "pos": 0.44078630116221307}, "label": "neutral"}, "you know it's whatever i guess on the inside i kind of crumble at the thought of being happy": {"probability": {"neg": 0.33015632923769556, "neutral": 0.018345209673956846, "pos": 0.6698436707623044}, "label": "pos"}, "you know being around people being alive because it's like i've only experienced that for maybe a few hours at most, but the thought is it happening everyday": {"probability": {"neg": 0.37699683081140134, "neutral": 0.13892010028319937, "pos": 0.6230031691885987}, "label": "pos"}, "it's just like yeah right": {"probability": {"neg": 0.509828505018515, "neutral": 0.178949152213464, "pos": 0.49017149498148505}, "label": "neg"}, "never in my life will that happen": {"probability": {"neg": 0.4862177849677056, "neutral": 0.4545680751510652, "pos": 0.5137822150322944}, "label": "pos"},