{"basically, my life is a mess and i don't think there's any way it will ever change": {"probability": {"neg": 0.6910082171999317, "neutral": 0.3354338467315901, "pos": 0.30899178280006834}, "label": "neg"}, "i don't think i'll ever get any better than wait and then the way it is right now all i do is feel pain and suffering every single day": {"probability": {"neg": 0.594940835378391, "neutral": 0.19681794135127104, "pos": 0.40505916462160896}, "label": "neg"}, "it's when, if we're sentient, that's all i feel is pain and that's why i just want to be happy": {"probability": {"neg": 0.46543397801437614, "neutral": 0.0009736294135389936, "pos": 0.5345660219856239}, "label": "pos"}, "you know i just want to be happy": {"probability": {"neg": 0.32739629790887803, "neutral": 0.008198564466816811, "pos": 0.672603702091122}, "label": "pos"}, "i don't think there is any way that ever be able to be happy again": {"probability": {"neg": 0.48917163184653356, "neutral": 0.07493333620245828, "pos": 0.5108283681534664}, "label": "pos"}, "i have the best family in the world": {"probability": {"neg": 0.1279342405154995, "neutral": 0.29950496573901425, "pos": 0.8720657594845005}, "label": "pos"}, "you know my mother, my brothers directly to me, and i want to miss them so much, and i just i just feel that about me and their lives right now, anymore, he'll be at peace": {"probability": {"neg": 0.5215875730217316, "neutral": 0.21482239224902974, "pos": 0.47841242697826836}, "label": "neg"}, "i brought them so much stress over the years": {"probability": {"neg": 0.5821904608065678, "neutral": 0.36832389171432967, "pos": 0.4178095391934322}, "label": "neg"}, "that's my situation, and i just want my film be at peace": {"probability": {"neg": 0.6049392209764131, "neutral": 0.33481899649465885, "pos": 0.395060779023587}, "label": "neg"}, "my best friend ugalla best friend my whole entire life": {"probability": {"neg": 0.3979427883199551, "neutral": 0.656774253639889, "pos": 0.6020572116800449}, "label": "neutral"}, "you've been such a great mother to be my brothers and, and i love you more than anything just wrong this moment, i've ever known in my hero, you're my hero, my cloud shoe when i was dealing my situation for seven years": {"probability": {"neg": 0.38308566521841314, "neutral": 0.14837965490210217, "pos": 0.6169143347815869}, "label": "pos"}, "i could have done that without you": {"probability": {"neg": 0.678399231810112, "neutral": 0.33462708893217946, "pos": 0.3216007681898881}, "label": "neg"}, "you were there for my side, the whole entire time never gave up on me": {"probability": {"neg": 0.7423022570002963, "neutral": 0.17853066874368748, "pos": 0.2576977429997037}, "label": "neg"}, "you always believed in me with other people": {"probability": {"neg": 0.44416396032576166, "neutral": 0.31739748837002174, "pos": 0.5558360396742383}, "label": "pos"}, "most of the world was against me": {"probability": {"neg": 0.31588025549042564, "neutral": 0.48025695960727544, "pos": 0.6841197445095744}, "label": "pos"}, "you were you step on my side and for me i love you for that, and i thank you for that": {"probability": {"neg": 0.4005469052581341, "neutral": 0.13467481859458444, "pos": 0.5994530947418659}, "label": "pos"}, "i don't want you to be sad": {"probability": {"neg": 0.7357642300869813, "neutral": 0.00213219358355094, "pos": 0.26423576991301867}, "label": "neg"}, "i don't get sad because what i'm doing i'm about to do - but i just want you to know that i'm doing this so i can be at peace": {"probability": {"neg": 0.813159155943906, "neutral": 0.000763453219961125, "pos": 0.18684084405609402}, "label": "neg"}, "i shall hurt my brothers because the last thing when it was her your brothers mom, i just want you to get healthy, it's stronger": {"probability": {"neg": 0.667853485672402, "neutral": 0.3229057456617364, "pos": 0.332146514327598}, "label": "neg"}, "yet you know i wish to live a long life one was to die old woman, no cc of all long life": {"probability": {"neg": 0.6434762119840227, "neutral": 0.6124955466678937, "pos": 0.3565237880159773}, "label": "neutral"}, "i don't like that: you're sick, i hate it so much": {"probability": {"neg": 0.7686166263844926, "neutral": 0.11594956297139757, "pos": 0.23138337361550745}, "label": "neg"}, "i saw much the gal for you again": {"probability": {"neg": 0.4883040444677418, "neutral": 0.27586849991753243, "pos": 0.5116959555322582}, "label": "pos"}, "do it please please help please": {"probability": {"neg": 0.6305119477722063, "neutral": 0.491237762964093, "pos": 0.3694880522277937}, "label": "neg"}, "i beg you, how much the help and it's not": {"probability": {"neg": 0.39538571278766077, "neutral": 0.2688053110349863, "pos": 0.6046142872123392}, "label": "pos"}, "i love you so much": {"probability": {"neg": 0.4021851980121012, "neutral": 0.21047902178178304, "pos": 0.5978148019878988}, "label": "pos"}, "i think you're everything i'm gon na miss you": {"probability": {"neg": 0.5314339095258238, "neutral": 0.3379069028492896, "pos": 0.4685660904741762}, "label": "neg"}, "i don't know where i'm going, but wherever i will be going": {"probability": {"neg": 0.7042964024510482, "neutral": 0.34385831126006267, "pos": 0.2957035975489518}, "label": "neg"}, "i just i know something better than want to deal with right now on this earth": {"probability": {"neg": 0.5422169063360447, "neutral": 0.19707555938356372, "pos": 0.45778309366395536}, "label": "neg"}, "so please don't be sad": {"probability": {"neg": 0.8263239837635614, "neutral": 0.014024735675314884, "pos": 0.17367601623643858}, "label": "neg"}, "please, like i said, please take care kai garnish": {"probability": {"neg": 0.6045203284029119, "neutral": 0.3394207790969179, "pos": 0.39547967159708813}, "label": "neg"}, "i lived a long life": {"probability": {"neg": 0.5502091563019906, "neutral": 0.290742392260043, "pos": 0.44979084369800937}, "label": "neg"}, "i'm 30 years old, i'm 30 years old right now i just i'm 30 and i lived a long life even though my life was messed up these last seven eight years i belong life": {"probability": {"neg": 0.614378585233698, "neutral": 0.2747437292607678, "pos": 0.38562141476630196}, "label": "neg"}}