{"i was raped by my brother's friend um": {"probability": {"neg": 0.7167056925610978, "neutral": 0.5339341484977629, "pos": 0.28329430743890216}, "label": "neutral"}, "let's just clear this up, i wasn't technically raped technically, i wasn't raped technically, but i can save that um": {"probability": {"neg": 0.7275719691865954, "neutral": 0.20902660619434477, "pos": 0.27242803081340455}, "label": "neg"}, "some things did happen that i didn't expect and it was hectic": {"probability": {"neg": 0.7025400814625127, "neutral": 0.34235925400708545, "pos": 0.2974599185374873}, "label": "neg"}, "this was actually around the time that i realized that i was you know introduced so he's just gon na put it like this um it had to be 2000 and 2012 or 2013": {"probability": {"neg": 0.7243343538782299, "neutral": 0.3371777915442891, "pos": 0.2756656461217701}, "label": "neg"}, "so basically, i was down to my father's house and my father": {"probability": {"neg": 0.773070887626388, "neutral": 0.3803693015956631, "pos": 0.22692911237361202}, "label": "neg"}, "he lived in this apartment, complex where it was like apartment, complex and in the back of the apartment": {"probability": {"neg": 0.5381123717244879, "neutral": 0.8499759369539029, "pos": 0.4618876282755121}, "label": "neutral"}, "you know you had to pull anything": {"probability": {"neg": 0.6651553370896702, "neutral": 0.6284952790101722, "pos": 0.33484466291032977}, "label": "neutral"}, "you saw like everybody else's like partner, like bacon boat, i remember being at my father's house and him and my stepmother": {"probability": {"neg": 0.5472872591099751, "neutral": 0.7003282365597077, "pos": 0.45271274089002495}, "label": "neutral"}, "my little brother, my two little brothers they were on, they had end up leaving they left": {"probability": {"neg": 0.7953063492155991, "neutral": 0.8703427362765997, "pos": 0.20469365078440094}, "label": "neutral"}, "i forgot where they was going to": {"probability": {"neg": 0.7838854965573007, "neutral": 0.8407961220817355, "pos": 0.21611450344269933}, "label": "neutral"}, "i think they went to my grandmother's house": {"probability": {"neg": 0.5667297358350785, "neutral": 0.607992370444214, "pos": 0.4332702641649215}, "label": "neutral"}, "she lived like around the block or they they went somewhere": {"probability": {"neg": 0.6288337532904026, "neutral": 0.9342985954441084, "pos": 0.3711662467095974}, "label": "neutral"}, "i don't know i forgot, but they end up leaving and um": {"probability": {"neg": 0.7689820444667568, "neutral": 0.37460907214623745, "pos": 0.23101795553324325}, "label": "neg"}, "it was me my older stepbrother": {"probability": {"neg": 0.6450312213320334, "neutral": 0.24468589275262032, "pos": 0.3549687786679666}, "label": "neg"}, "well, it was just me and my older brother": {"probability": {"neg": 0.567727775226424, "neutral": 0.29650755501581455, "pos": 0.43227222477357596}, "label": "neg"}, "we were there and there, my oldest brother ended up leaving and my older stepbrother": {"probability": {"neg": 0.6480679711818007, "neutral": 0.4282302476864159, "pos": 0.3519320288181993}, "label": "neg"}, "he end up coming with a gang of his friends": {"probability": {"neg": 0.4861401998777769, "neutral": 0.9972157226802203, "pos": 0.5138598001222231}, "label": "neutral"}, "it's so sad um, i'm not saying any names": {"probability": {"neg": 0.8435939629491142, "neutral": 0.0003832457556351753, "pos": 0.15640603705088582}, "label": "neg"}, "oh yeah, my brother end up my stuff and my step older brother": {"probability": {"neg": 0.6539328446996631, "neutral": 0.6238030161507827, "pos": 0.34606715530033694}, "label": "neutral"}, "he end up coming with like a gang of his friends": {"probability": {"neg": 0.5198961734519723, "neutral": 0.9892280462117543, "pos": 0.48010382654802775}, "label": "neutral"}, "it was so many of them": {"probability": {"neg": 0.564211575278073, "neutral": 0.2982190226553379, "pos": 0.435788424721927}, "label": "neg"}, "there was girls guys it was like a gang of them, it was, it was at least like i believe it was like 11 of them": {"probability": {"neg": 0.7522548547392398, "neutral": 0.2163933175812948, "pos": 0.24774514526076016}, "label": "neg"}, "i just know it was a lot and they were going to go in the pool, so they are like": {"probability": {"neg": 0.7459660995525619, "neutral": 0.6884576603353629, "pos": 0.2540339004474382}, "label": "neutral"}, "you know, they came in the house, you know stripped down and they went to the pool": {"probability": {"neg": 0.6372057905619471, "neutral": 0.8954867229449093, "pos": 0.36279420943805285}, "label": "neutral"}, "so my brother, he was like you know": {"probability": {"neg": 0.6802277332911602, "neutral": 0.42975745179696284, "pos": 0.3197722667088399}, "label": "neg"}, "if he wants you to come out there, so i'm like okay, so you know i went to the pool with him and you know we outside at the pool, and so you know the the boy my brother's friend he um, you know we, everybody was dumping, everybody into the water duncan everybody into the water, so you know i wasn't thinking too much other you know, but me i was telling them don't throw me into the water because for what i'm scared of heights? second, i'm scared of falling from heights and three, i just don't trust people picking me up, because i know that's a whole nother person that you're lifting like you have to be unstable, not only that we're buying water": {"probability": {"neg": 0.7876868747544038, "neutral": 0.4580915082512201, "pos": 0.21231312524559617}, "label": "neg"}, "so if you slip i'm not trying to die like you know at me, so well as i'm telling everybody like not say, like you know, throw me in a lottery like: oh, you know, you'll and whatever blah blah": {"probability": {"neg": 0.4894133316337296, "neutral": 0.33389605430520297, "pos": 0.5105866683662704}, "label": "pos"}, "so here comes my brother's friend, i'm literally like standing right there on the ledge, and he comes and just like it's just like throws me in the water i'll just sit now, i'm just like": {"probability": {"neg": 0.7158507403916616, "neutral": 0.1698125598378186, "pos": 0.28414925960833837}, "label": "neg"}, "so you know i get out the water and i'm so upset": {"probability": {"neg": 0.715228329472688, "neutral": 0.38291370023863663, "pos": 0.28477167052731195}, "label": "neg"}, "i'm like, are you serious, and so you know i'm like i'm telling them like": {"probability": {"neg": 0.5904126606983466, "neutral": 0.13210504563912032, "pos": 0.40958733930165336}, "label": "neg"}, "i told you don't throw me in the water, like you know what i mean so now, i'm mad, and i look at that when i was younger, i used to be well": {"probability": {"neg": 0.6184982591745494, "neutral": 0.15083015828306698, "pos": 0.38150174082545063}, "label": "neg"}, "i'm still that way, i just have to address a problem, so you know me being the person i am him": {"probability": {"neg": 0.7184711739448945, "neutral": 0.35810041100031853, "pos": 0.28152882605510554}, "label": "neg"}, "i stormed out of the little pool area": {"probability": {"neg": 0.6601825018490822, "neutral": 0.3901127833223496, "pos": 0.3398174981509178}, "label": "neg"}, "i got out the water i for mine": {"probability": {"neg": 0.6002925808905946, "neutral": 0.8015445029421854, "pos": 0.3997074191094054}, "label": "neutral"}, "i tried to chase him around cuz": {"probability": {"neg": 0.7402707526868382, "neutral": 0.816517932359587, "pos": 0.2597292473131618}, "label": "neutral"}, "i got so mad like i'm, trying to push him in the water, but it's just saying work so now i'm feeling barest and i feel stupid and i'm just mad because i'm like i just told you not to push him in the water": {"probability": {"neg": 0.8858856409762715, "neutral": 0.0036513052704098465, "pos": 0.11411435902372842}, "label": "neg"},