{"this is probably the ugliest you're ever going to see me like, because i haven't looked this bad a long time and the reason why looks like bad is because i probably been crying non-stop for the past three days": {"probability": {"neg": 0.888846897345042, "neutral": 0.1613867484390689, "pos": 0.11115310265495804}, "label": "neg"}, "i'm sorry, i need blue": {"probability": {"neg": 0.7966826865869423, "neutral": 0.1707468692399943, "pos": 0.2033173134130577}, "label": "neg"}, "this is running so probably wondering why i look like a troll": {"probability": {"neg": 0.7267970541478508, "neutral": 0.3337567787196824, "pos": 0.2732029458521492}, "label": "neg"}, "i don't even know what's going on": {"probability": {"neg": 0.7621393978512303, "neutral": 0.33777203903165304, "pos": 0.2378606021487697}, "label": "neg"}, "i don't want to put on clothes understand this": {"probability": {"neg": 0.6822903643179425, "neutral": 0.34476673486417503, "pos": 0.3177096356820574}, "label": "neg"}, "i don't care what i look like, because i just need to get this off my chest": {"probability": {"neg": 0.7793745949985865, "neutral": 0.33405579220470966, "pos": 0.2206254050014135}, "label": "neg"}, "this is the worst time of my entire life": {"probability": {"neg": 0.8558682779532929, "neutral": 0.1465046369349373, "pos": 0.14413172204670704}, "label": "neg"}, "there's no feeling worse than what i'm feeling and i don't know what's gon na happen, because, as i'm recording this, i don't know what's going on in my relationship, we're supposed to have broken up, but no i i'm not": {"probability": {"neg": 0.9138538471069648, "neutral": 0.16676506157280305, "pos": 0.0861461528930352}, "label": "neg"}, "i don't know i feel like": {"probability": {"neg": 0.7238509797888099, "neutral": 0.335248301555744, "pos": 0.27614902021119014}, "label": "neg"}, "i can still do thing": {"probability": {"neg": 0.6278733830801331, "neutral": 0.34157218129747835, "pos": 0.372126616919867}, "label": "neg"}, "i can't solve egde this and i'm trying so hard because it's my entire life - and i hate everything except this": {"probability": {"neg": 0.827386068842284, "neutral": 0.15539829390433343, "pos": 0.17261393115771595}, "label": "neg"}, "i don't want to talk to anyone right now": {"probability": {"neg": 0.6093028458602222, "neutral": 0.1588416417817973, "pos": 0.3906971541397778}, "label": "neg"}, "so that's why i'm talking to this camera because it can't talk back, because i don't want people to talk back to me because i hate people giving me advice, because it makes me feel worse when people say shit to be like": {"probability": {"neg": 0.8385126275693144, "neutral": 0.20001794258228037, "pos": 0.16148737243068553}, "label": "neg"}, "oh, maybe it's for the best blabberize like shut up": {"probability": {"neg": 0.29682273213679733, "neutral": 0.23691632402520804, "pos": 0.7031772678632027}, "label": "pos"}, "i don't want doing that": {"probability": {"neg": 0.6783407857984882, "neutral": 0.34064900551012145, "pos": 0.3216592142015117}, "label": "neg"}, "what i want to hear it's, that everything is going to be okay and i'm going to be fine, because i don't feel fine": {"probability": {"neg": 0.5835714945241728, "neutral": 0.16740304616814475, "pos": 0.4164285054758272}, "label": "neg"}, "i don't think it's gon na be okay, and i don't know what more i could do, because if this is over then so it's my life, there's nothing": {"probability": {"neg": 0.6234079367956551, "neutral": 0.16667646560885907, "pos": 0.37659206320434485}, "label": "neg"}, "what i want to do right now and just die": {"probability": {"neg": 0.6516802778353596, "neutral": 0.1818878979497278, "pos": 0.34831972216464036}, "label": "neg"}, "i know that's horrible, but if you knew how i felt right now, when you're alone and you're crying and there's no one here to comfort you, we could see just laughs": {"probability": {"neg": 0.8282727006580952, "neutral": 0.09612492078454038, "pos": 0.1717272993419048}, "label": "neg"}, "he did comfort me, but i don't know how it feels anymore and i've said everything": {"probability": {"neg": 0.7580504712042633, "neutral": 0.3352674211252171, "pos": 0.24194952879573678}, "label": "neg"}, "but i just i just can't i just couldn't do it because life is this bad now i can't stop thinking about everything this": {"probability": {"neg": 0.8301022900494616, "neutral": 0.24296388795277432, "pos": 0.16989770995053846}, "label": "neg"}, "no, i i'm sorry": {"probability": {"neg": 0.84748626135258, "neutral": 0.020762944808980374, "pos": 0.15251373864741996}, "label": "neg"}, "this is such a mess": {"probability": {"neg": 0.6436450418904491, "neutral": 0.18520182057296955, "pos": 0.35635495810955087}, "label": "neg"}, "i'm trying to get both words out, but it's hard because, okay, i'm sorry about that": {"probability": {"neg": 0.7167596886454974, "neutral": 0.10983159429629459, "pos": 0.2832403113545026}, "label": "neg"}, "i just pulled out my nose piercing like a fucking idiot, because i was wiping my nose and i accidentally ripped it out for the second time": {"probability": {"neg": 0.7269858149785602, "neutral": 0.21322437430261534, "pos": 0.2730141850214398}, "label": "neg"}, "that's happened": {"probability": {"neg": 0.5462235795490546, "neutral": 0.4631078496474082, "pos": 0.4537764204509454}, "label": "neg"}, "that's happened to me before um": {"probability": {"neg": 0.6894771071254349, "neutral": 0.3639650215003352, "pos": 0.31052289287456514}, "label": "neg"}, "i was sorry yeah um": {"probability": {"neg": 0.7881455551086921, "neutral": 0.02422383177332059, "pos": 0.21185444489130786}, "label": "neg"}, "i just wanted this to be over or i can wish i could just and do right now, so i don't have to feel like this anymore, so i don't have to go through any pain": {"probability": {"neg": 0.77090876983461, "neutral": 0.15501857928442636, "pos": 0.22909123016539001}, "label": "neg"}, "he's already been in constant pain for three days, and my anxiety is just the highest that can they ever be so much so that it it fuck's up my digestive system": {"probability": {"neg": 0.680419002545218, "neutral": 0.8820147026415279, "pos": 0.31958099745478197}, "label": "neutral"}, "well, it already have a digestive problem and anxiety makes it like really worse it, because the stress on your in like and gastrointestinal tract or whatever it is like it just just fucks it up had always seemed stress and anxiety whatever like it's all that, and i'm surprised i haven't had a panic attack": {"probability": {"neg": 0.8507275111408323, "neutral": 0.01685150049742291, "pos": 0.14927248885916772}, "label": "neg"}, "i've almost nearly had a few panic attacks, but my body's doesn't sus ago saying i guess, but you know i get like a choking feeling and my hair's, like really bothering me, i get like a choking feeling and just my stomach just just in constant pain and my mind can't stop cycling, negative thoughts, and this is my absolute worst that you ever see me at so feel privileged that are you enjoying either side me cuz? i don't want to put like my personal life out here": {"probability": {"neg": 0.7445934708727013, "neutral": 0.15802544890550818, "pos": 0.25540652912729866}, "label": "neg"}, "i just don't know what else to do right now": {"probability": {"neg": 0.7420838472599527, "neutral": 0.16188880467206185, "pos": 0.2579161527400473}, "label": "neg"}, "can you shut up? i don't know what else to do, because i don't want to talk to anyone because nothing anyone says right": {"probability": {"neg": 0.7044312683238745, "neutral": 0.15512203126265933, "pos": 0.29556873167612546}, "label": "neg"}, "now it's going to change anything": {"probability": {"neg": 0.6739381236459112, "neutral": 0.484057351468058, "pos": 0.3260618763540888}, "label": "neg"}, "it's not going to help me! it's not gon na make me feel better and it's anything it will just be": {"probability": {"neg": 0.6606835106431667, "neutral": 0.17120791474607264,