{"i don't let it keep saying": {"probability": {"neg": 0.6845568141814746, "neutral": 0.33658828726586293, "pos": 0.3154431858185253}, "label": "neg"}, "no, my videos, i'm gon na, go back to regular content or not regular khan did because they don't have for clear content in my channel, but you know like recording all the things that i want to record for this channel": {"probability": {"neg": 0.7831076595802817, "neutral": 0.28939905047525716, "pos": 0.2168923404197183}, "label": "neg"}, "sharing": {"probability": {"neg": 0.47612697917265145, "neutral": 0.7471952574842371, "pos": 0.5238730208273485}, "label": "neutral"}, "all the stuff that i wanted to do on this channel - and i never do - i just want to talk about it a little bit because i lost motivation concepts though it's not something that just happened this year, but last year as well": {"probability": {"neg": 0.7369972077582464, "neutral": 0.23891555344847226, "pos": 0.2630027922417536}, "label": "neg"}, "sorry, i'm losing motivation in reading and just watching tv shows which sounds weird and it's not because i don't like it it's just cuz": {"probability": {"neg": 0.8639245425604262, "neutral": 0.00036085950526243757, "pos": 0.13607545743957383}, "label": "neg"}, "i prefer to waste my time to everything": {"probability": {"neg": 0.6519230507461573, "neutral": 0.3470578739464645, "pos": 0.3480769492538427}, "label": "neg"}, "basically, why do i have to do anything right now? i want to believe that i can do you too": {"probability": {"neg": 0.7675093493416358, "neutral": 0.15831300018765368, "pos": 0.2324906506583642}, "label": "neg"}, "it's one of the biggest dreams in mind like i'm, not explaining it": {"probability": {"neg": 0.5569618725894576, "neutral": 0.3462091227594541, "pos": 0.4430381274105424}, "label": "neg"}, "just it's like something that i wish i had hoped for, because i had hope for it in the past notes: it's terrible filming! it's one of my passions": {"probability": {"neg": 0.7777160498171418, "neutral": 0.12545207714629827, "pos": 0.22228395018285824}, "label": "neg"}, "you know music music is my music is one of my biggest passions and then i just love music": {"probability": {"neg": 0.29161736888299195, "neutral": 0.1494303345310681, "pos": 0.708382631117008}, "label": "pos"}, "a lot - and i wish i wish i could do music for a living": {"probability": {"neg": 0.6565000223013598, "neutral": 0.34736774646811724, "pos": 0.34349997769864016}, "label": "neg"}, "i wish i could or how to sing, because i don't know how to sing for just learn how to play the guitar properly or the drums and [ music ] motivation, i'm so passionate about music": {"probability": {"neg": 0.6816270252621496, "neutral": 0.06371695670400902, "pos": 0.3183729747378504}, "label": "neg"}, "i still want to give miss a hope that there's something i can do about it": {"probability": {"neg": 0.7051238771393215, "neutral": 0.33361147217154086, "pos": 0.29487612286067855}, "label": "neg"}, "you know, but there is some feels terrible": {"probability": {"neg": 0.7169989296015395, "neutral": 0.038722364881376085, "pos": 0.28300107039846045}, "label": "neg"}, "i cried a lot during the past month": {"probability": {"neg": 0.6464169406512411, "neutral": 0.6232199512315806, "pos": 0.3535830593487589}, "label": "neutral"}, "nothing seems right anymore": {"probability": {"neg": 0.5229226284373306, "neutral": 0.36187900293465924, "pos": 0.4770773715626694}, "label": "neg"}, "my existence, i'm sort of floating around houses": {"probability": {"neg": 0.535391250674163, "neutral": 0.3386023057007432, "pos": 0.46460874932583696}, "label": "neg"}, "i don't want to go back to my country either it's terrible over there": {"probability": {"neg": 0.8684800177556773, "neutral": 0.16854907005919217, "pos": 0.13151998224432276}, "label": "neg"}, "i feel like i can be myself": {"probability": {"neg": 0.7334325904101141, "neutral": 0.33505863380065143, "pos": 0.2665674095898859}, "label": "neg"}, "i don't have goals over there, but i don't have goals here either": {"probability": {"neg": 0.7372229996898733, "neutral": 0.3346796834341088, "pos": 0.26277700031012674}, "label": "neg"}, "so, what's the one you're going on with life, you know i was in the hospital": {"probability": {"neg": 0.6128393407858479, "neutral": 0.3559221321324601, "pos": 0.38716065921415216}, "label": "neg"}, "you know that i'm not planning on going back in there and that's sort of what scares me and what keeps me away of trying to do something, because when i tried to do something again, people were smarter than me and they stopped me": {"probability": {"neg": 0.7884453876295351, "neutral": 0.35222862840832053, "pos": 0.21155461237046488}, "label": "neg"}, "they managed to stop me, and that was not fun": {"probability": {"neg": 0.653349194129432, "neutral": 0.663162696156825, "pos": 0.346650805870568}, "label": "neutral"}, "you know, but i convinced them that i was gon na": {"probability": {"neg": 0.5664478873594163, "neutral": 0.353405755973989, "pos": 0.4335521126405837}, "label": "neg"}, "be okay and i mean i'm not okay, i'm just alive i'm alive in the outside, like a dead body that needs to be carrying around me hope": {"probability": {"neg": 0.6226995767968135, "neutral": 0.20588471974940573, "pos": 0.37730042320318646}, "label": "neg"}, "i almost every day and pain is just too strong because i lost the people that i care about the most because of my own fault": {"probability": {"neg": 0.7055374566379164, "neutral": 0.08528334803133142, "pos": 0.2944625433620836}, "label": "neg"}, "i want to believe that i could do stuff for myself": {"probability": {"neg": 0.6468471327514183, "neutral": 0.3372461114386434, "pos": 0.3531528672485818}, "label": "neg"}, "i can hold myself, i'm not gon na close, my channel, of course i'm not stop the living": {"probability": {"neg": 0.607625360499307, "neutral": 0.3934441421624413, "pos": 0.39237463950069296}, "label": "neg"}, "i think that i want to say is that it's gon na hurt": {"probability": {"neg": 0.5586194086263413, "neutral": 0.3347878298048936, "pos": 0.4413805913736587}, "label": "neg"}}