{"hi everyone thereportoftheweek checking in! and": {"probability": {"neg": 0.3763713502311419, "neutral": 0.7304028088032689, "pos": 0.6236286497688581}, "label": "neutral"}, "here you can see it's a different setting": {"probability": {"neg": 0.2724290261632514, "neutral": 0.13500556716827758, "pos": 0.7275709738367486}, "label": "pos"}, "reporting in from base from the from the command post (i": {"probability": {"neg": 0.5011743124586863, "neutral": 0.26413696494829336, "pos": 0.49882568754131373}, "label": "neg"}, "e": {"probability": {"neg": 0.4761138136959385, "neutral": 0.5950890614040548, "pos": 0.5238861863040615}, "label": "neutral"}, "bed)": {"probability": {"neg": 0.5295028514337953, "neutral": 0.6962345717282846, "pos": 0.4704971485662047}, "label": "neutral"}, "but uh": {"probability": {"neg": 0.5833948714829151, "neutral": 0.49242298617165997, "pos": 0.4166051285170849}, "label": "neg"}, "oh man, it's been one of those days, you know, it's been one of those days and i said because originally, right? i was gonna do a review today": {"probability": {"neg": 0.5895970777920105, "neutral": 0.16723179750339248, "pos": 0.41040292220798946}, "label": "neg"}, "it's not gonna happen, that's all that i can tell you": {"probability": {"neg": 0.6869098257656676, "neutral": 0.33366252966147397, "pos": 0.31309017423433233}, "label": "neg"}, "and i thought to myself, i think this would be a good chance to kind of set the camera up, you know, do it maybe a little casually and just try to, you know, just vent it out to you and try to get maybe a little bit of a message across at the same time": {"probability": {"neg": 0.40029463849363467, "neutral": 0.1584837608348748, "pos": 0.5997053615063653}, "label": "pos"}, "ehh, i mean don't don't even get me started": {"probability": {"neg": 0.8379583973342506, "neutral": 0.11066467407502073, "pos": 0.16204160266574946}, "label": "neg"}, "all right, it was one of those days, you know? you know when just everything goes wrong and you have absolutely no control over the situation whatsoever": {"probability": {"neg": 0.7198745502209574, "neutral": 0.4530458123648051, "pos": 0.28012544977904263}, "label": "neg"}, "one of those days where, you know, i'm filming this on a thursday, right? so it's not it's not live, but that's okay - that's an aside": {"probability": {"neg": 0.4303049041651752, "neutral": 0.172599758392689, "pos": 0.5696950958348248}, "label": "pos"}, "you know, it's thursday evening": {"probability": {"neg": 0.40111147409965764, "neutral": 0.3571642464585982, "pos": 0.5988885259003424}, "label": "pos"}, "it's around 7:18 p": {"probability": {"neg": 0.5818071900503071, "neutral": 0.7202190185842944, "pos": 0.4181928099496929}, "label": "neutral"}, "m": {"probability": {"neg": 0.5548182678809279, "neutral": 0.600796550248209, "pos": 0.445181732119072}, "label": "neutral"}, "and, for those you that know those of you that don't, every thursday is the day that i do my radio show": {"probability": {"neg": 0.4210431382019414, "neutral": 0.3338691144026062, "pos": 0.5789568617980586}, "label": "pos"}, "and you know, i call it a radio show": {"probability": {"neg": 0.42869119964825175, "neutral": 0.3391425078315688, "pos": 0.5713088003517482}, "label": "pos"}, "it's really like a glorified podcast": {"probability": {"neg": 0.5794518422031903, "neutral": 0.0062806055321700865, "pos": 0.42054815779680965}, "label": "neg"}, "you know? i get it up on the soundcloud and tunein and then it goes out 15 times on shortwave to, you know, the international audience there and this week's show": {"probability": {"neg": 0.7169459213038407, "neutral": 0.38701276753030506, "pos": 0.28305407869615923}, "label": "neg"}, "i mean, i was really feeling it! like the last few weeks, i wasn't really feeling the best one week": {"probability": {"neg": 0.6587910617563377, "neutral": 0.15866100276020978, "pos": 0.34120893824366233}, "label": "neg"}, "i had some terrible anxiety one week": {"probability": {"neg": 0.8947726192975181, "neutral": 0.062091184266656656, "pos": 0.10522738070248192}, "label": "neg"}, "i had some bad migraines, so i was able to put something together": {"probability": {"neg": 0.7772352096739918, "neutral": 0.13364374299624693, "pos": 0.22276479032600818}, "label": "neg"}, "but, you know, it could have been a little better, but i was just inhibited by just how i was doing physically": {"probability": {"neg": 0.6935951539106955, "neutral": 0.16960318169850677, "pos": 0.30640484608930446}, "label": "neg"}, "this week i was feeling it and i said, you know what? i'm gonna work hard at this": {"probability": {"neg": 0.6979078611388259, "neutral": 0.16096190953626074, "pos": 0.30209213886117414}, "label": "neg"}, "i'm gonna get a good show out for everyone and": {"probability": {"neg": 0.2491051106699158, "neutral": 0.1594850642781358, "pos": 0.7508948893300842}, "label": "pos"}, "and you know? i did": {"probability": {"neg": 0.4812348049818225, "neutral": 0.3533511010162891, "pos": 0.5187651950181775}, "label": "pos"}, "i really put a lot of time into it": {"probability": {"neg": 0.5903429108928565, "neutral": 0.007469521712308372, "pos": 0.4096570891071435}, "label": "neg"}, "i worked for a few days": {"probability": {"neg": 0.6936846105324482, "neutral": 0.40547397823349024, "pos": 0.30631538946755177}, "label": "neg"}, "i actually made the show about an hour longer than it usually is, where i just i had a lot to talk about": {"probability": {"neg": 0.5403711202928684, "neutral": 0.3347019874257768, "pos": 0.4596288797071316}, "label": "neg"}, "got some good music played and i was just on a roll": {"probability": {"neg": 0.43404065208858866, "neutral": 0.1671489688937855, "pos": 0.5659593479114113}, "label": "pos"}, "i got the show set up": {"probability": {"neg": 0.4949467188975414, "neutral": 0.39723653922011426, "pos": 0.5050532811024586}, "label": "pos"}, "i edited it, you know, i really wanted to promote it too": {"probability": {"neg": 0.49958431125965264, "neutral": 0.001658733334732292, "pos": 0.5004156887403474}, "label": "pos"}, "so i was trying to get the links, you know, to where it it streams on tune in and the shortwave frequencies and listening times to everyone that wrote in, you know? i was working for 8 hours straight": {"probability": {"neg": 0.4509317229593991, "neutral": 0.3418528367520601, "pos": 0.5490682770406009}, "label": "pos"}, "i was getting to about 4 or 500 emails": {"probability": {"neg": 0.6901643265878371, "neutral": 0.37026509117385603, "pos": 0.3098356734121629}, "label": "neg"}, "i was responding and i thought yeah, i mean, i'm really on a roll today": {"probability": {"neg": 0.7592328918908824, "neutral": 0.10238030103198588, "pos": 0.24076710810911764}, "label": "neg"}, "i was feeling this show i'm gonna get it out": {"probability": {"neg": 0.7042859517914439, "neutral": 0.354619482253703, "pos": 0.29571404820855607}, "label": "neg"}, "i'm gonna get it promoted and i was exhausted by the end of it": {"probability": {"neg": 0.7683671776199215, "neutral": 0.1624126400000705, "pos": 0.2316328223800786}, "label": "neg"}, "you know, i was working through the night finally fell asleep": {"probability": {"neg": 0.6795429919551859, "neutral": 0.4639413205561435, "pos": 0.32045700804481414}, "label": "neg"}, "i woke up just in time for the first broadcast airing to, you know, start checking it out and make sure everything's going all right": {"probability": {"neg": 0.5164039641820404, "neutral": 0.17623942979162974, "pos": 0.4835960358179596}, "label": "neg"}, "and": {"probability": {"neg": 0.4942870058419595, "neutral": 0.6235969273792343, "pos": 0.5057129941580405}, "label": "neutral"}, "i'm not hearing in the show! it's just it's it's dead air!! i checked the tune in stream and it's just silence! there's nothing there! i checked the short wave frequency, you know, where the radio station is supposed to be broadcasting it": {"probability": {"neg": 0.8407658733117634,