{"so tired of the person - i am so here's the deal": {"probability": {"neg": 0.8110346842911047, "neutral": 0.10260912765368818, "pos": 0.18896531570889535}, "label": "neg"}, "first of all, i'm wearing my hat": {"probability": {"neg": 0.5714806802927851, "neutral": 0.23026236731723385, "pos": 0.4285193197072149}, "label": "neg"}, "most people, don't like my hat cuz they say, makes me look like a dude, but you know what i'll just put on makeup later: okay geez! so i am about to go to take care of someone's dog with my mom, so i'm not going to film because i plan on not ever filming my parents to give them their privacy": {"probability": {"neg": 0.527512866894604, "neutral": 0.22684077474728417, "pos": 0.47248713310539603}, "label": "neg"}, "oh yeah, i'll, be back, stay warm and toasty": {"probability": {"neg": 0.30451645152031714, "neutral": 0.2368596629538694, "pos": 0.6954835484796829}, "label": "pos"}, "what kinda looks like a bomb hot, so it appropriate? i'm just gon na be real, quick with you guys, i'm feeling pretty pretty horrible right now, no, i'm not suicidal, so no one needs to freak out": {"probability": {"neg": 0.7982611116259783, "neutral": 0.10317008949069918, "pos": 0.20173888837402165}, "label": "neg"}, "even if anyone were to freak out": {"probability": {"neg": 0.5142427244443304, "neutral": 0.4333024531352168, "pos": 0.4857572755556696}, "label": "neg"}, "i don't know if you guys, would i'm really just at a mindset where i just don't want to be here right now that doesn't necessarily mean i'm suicidal okay, i don't like stuff right now": {"probability": {"neg": 0.7661675478095396, "neutral": 0.11613326636554955, "pos": 0.2338324521904604}, "label": "neg"}, "i can't find happiness very easily": {"probability": {"neg": 0.6132997275605879, "neutral": 0.2713282842887394, "pos": 0.3867002724394121}, "label": "neg"}, "i can in this guy": {"probability": {"neg": 0.6771191958651903, "neutral": 0.3636904973965845, "pos": 0.32288080413480974}, "label": "neg"}, "so that's! okay, hello: this is not nice": {"probability": {"neg": 0.4207224553978176, "neutral": 0.10994857375091867, "pos": 0.5792775446021824}, "label": "pos"}, "can you say hello, mister yeah, he's about the only happiness i could find and stuff": {"probability": {"neg": 0.55603296231086, "neutral": 0.13692668574354286, "pos": 0.4439670376891401}, "label": "neg"}, "i didn't want to record this at first, because i've gotten a lot of crap before from people just saying that crying it": {"probability": {"neg": 0.774665683645364, "neutral": 0.14544216028606263, "pos": 0.22533431635463594}, "label": "neg"}, "you know this is weak and that i do it too much and i'm so tired of being like this": {"probability": {"neg": 0.8090389418262329, "neutral": 0.16392338374282614, "pos": 0.19096105817376707}, "label": "neg"}, "it's so tired of the person i am problem is i don't i'm not gon na kill myself, but i think about it all the time": {"probability": {"neg": 0.8630848207598161, "neutral": 0.10149721394080619, "pos": 0.13691517924018398}, "label": "neg"}, "this is really embarrassing that this is the second like daily vlog that doing and i'm already crying": {"probability": {"neg": 0.743932333262318, "neutral": 0.21730612350740997, "pos": 0.256067666737682}, "label": "neg"}, "i just wanted to show people that, like the realness behind depression and anxiety and just how much that it sucks and how much it just takes up your life greetings": {"probability": {"neg": 0.7448217762496273, "neutral": 0.2217481678950927, "pos": 0.2551782237503727}, "label": "neg"}, "so the mood has definitely changed since my last little clip i kind of just didn't vlog for a little bit because right after the last thing, i just talked to you guys about": {"probability": {"neg": 0.5935571347070339, "neutral": 0.16442046307106253, "pos": 0.4064428652929661}, "label": "neg"}, "i went to therapy and i had a really really really nice talk about everything that i was feeling felt, really good and confident afterwards and then my i immediately went back home, so my dad and i could go see a movie and in the movie is called captain fantastic, i think that's what it's called yeah fantastic, that should be it and it has viggo mortensen in it": {"probability": {"neg": 0.4501119936093587, "neutral": 0.05696539426808985, "pos": 0.5498880063906413}, "label": "pos"}, "aka aragorn, which we all love, and i really liked it and it just kind of opened my eyes to a lot of stuff and alright we're gon na, take our short break": {"probability": {"neg": 0.19810662032857151, "neutral": 0.1039347114621268, "pos": 0.8018933796714285}, "label": "pos"}, "okay, sorry anyways, i'm having a little bit of camera trouble": {"probability": {"neg": 0.665974994119777, "neutral": 0.12935152963249516, "pos": 0.33402500588022294}, "label": "neg"}, "i don't even remember where i left off honestly": {"probability": {"neg": 0.7543992709892673, "neutral": 0.34149077262976285, "pos": 0.24560072901073277}, "label": "neg"}, "basically, i'm feeling better, i'm here at the doggies house, so that we can take it for a walk and i'm gon": {"probability": {"neg": 0.5803913332842384, "neutral": 0.16776594252667065, "pos": 0.4196086667157616}, "label": "neg"}, "na be honest, though, i'm feeling pretty insecure about my weight at the moment, especially when i make these vlogs": {"probability": {"neg": 0.5871387642888138, "neutral": 0.019741982954753736, "pos": 0.41286123571118616}, "label": "neg"}, "i can because i have this little: u finder at the top, and it just lets me see my face and it's just not making me feel too great": {"probability": {"neg": 0.6611349759035342, "neutral": 0.13892765941841898, "pos": 0.3388650240964658}, "label": "neg"}, "but what will make me feel great": {"probability": {"neg": 0.3936263865435401, "neutral": 0.09907524543333601, "pos": 0.6063736134564599}, "label": "pos"}, "is this cute little doggy, which you'll see in just about 20 seconds, or you know what i did it so we'll be like two seconds for you guys thank you": {"probability": {"neg": 0.46928632791175506, "neutral": 0.08351378923062548, "pos": 0.5307136720882449}, "label": "pos"}, "he says paying me of a poopy woman": {"probability": {"neg": 0.4250296920460086, "neutral": 0.6812999695058749, "pos": 0.5749703079539914}, "label": "neutral"}, "well, as long as then all over the place, but not to go for a walk, you can tell it's": {"probability": {"neg": 0.48255477464330654, "neutral": 0.20844631465979804, "pos": 0.5174452253566935}, "label": "pos"}, "the proof is i'm wearing my tennis shoes, my nice nikes, it's late, it's the kind of dark out already, but i need to get done": {"probability": {"neg": 0.6824205010976302, "neutral": 0.10075478452596409, "pos": 0.3175794989023698}, "label": "neg"}, "i need to feel good about myself because i've just been feeling really up and down all day and i'm so sick of it feel like a hormonal pregnant woman": {"probability": {"neg": 0.7943581684367328, "neutral": 0.11723984594173505, "pos": 0.20564183156326718}, "label": "neg"}, "i might as well just tell people i'm pregnant because i gained all this weight": {"probability": {"neg": 0.6396360883594839, "neutral": 0.17437753726326888, "pos": 0.36036391164051607}, "label": "neg"}, "is my excuse": {"probability": {"neg": 0.6128441162585787, "neutral": 0.40730395645724987, "pos": 0.3871558837414213}, "label": "neg"}, "like oh jj, uh? oh you, you look good, oh it's because i i'm pregnant yeah who's, the father, otten! there's, none! no yeah! yeah! that's a good idea! right! yeah! this is more thinking yeah anyway, i'm gon na go": {"probability": {"neg": 0.5626027261828356, "neutral": 0.15095692541579828, "pos": 0.4373972738171644}, "label": "neg"}, "do my walk all right, i'm going i'll, see you guys, smile love, you guys too, the ones i actually watch things bye": {"probability": {"neg": 0.37578240567294796, "neutral": 0.19629546146011867, "pos": 0.624217594327052}, "label": "pos"}}