{"everybody just crying man, and i don't know what it is": {"probability": {"neg": 0.6806570671089109, "neutral": 0.14982150724064464, "pos": 0.31934293289108906}, "label": "neg"}, "i don't know what it is me being around them around everybody else": {"probability": {"neg": 0.7045645491073101, "neutral": 0.33736536409893053, "pos": 0.29543545089268985}, "label": "neg"}, "i'm just like": {"probability": {"neg": 0.6071385072443316, "neutral": 0.3573836369083487, "pos": 0.39286149275566834}, "label": "neg"}, "i said i'm just numb, i'm just numb being around everybody else": {"probability": {"neg": 0.8162322505941193, "neutral": 0.028771942843013598, "pos": 0.1837677494058807}, "label": "neg"}, "i know i'm just know as soon as i get by myself soon as i get back in my car to drive home": {"probability": {"neg": 0.7528988750126142, "neutral": 0.5187400898125999, "pos": 0.24710112498738582}, "label": "neutral"}, "i think i just i'm just fucking bawling and i'm crying my fucking eyes out and i get back in my bed and i'm crying, but when i get around other people i just it's like, i can't do it fuck, even if i wanted to do it": {"probability": {"neg": 0.8292149398250872, "neutral": 0.17425802118856815, "pos": 0.17078506017491285}, "label": "neg"}, "this is, i mean it's funerals and on tuesday, so i'm probably are you know, i'm gon na get overwhelmed and probably break down again": {"probability": {"neg": 0.6653900465576107, "neutral": 0.1752502610337167, "pos": 0.3346099534423893}, "label": "neg"}, "it's like brown": {"probability": {"neg": 0.4557542713745034, "neutral": 0.34771761460518147, "pos": 0.5442457286254966}, "label": "pos"}, "even this whole i've been ignoring everybody": {"probability": {"neg": 0.6816352983754548, "neutral": 0.20881054067669202, "pos": 0.3183647016245452}, "label": "neg"}, "i appreciate everybody for hitting me up and i read all the comments": {"probability": {"neg": 0.4497283610144469, "neutral": 0.3379137299308033, "pos": 0.5502716389855531}, "label": "pos"}, "everybody who didn't me man, i got so many messages and all these cause - and i haven't heard, but i haven't responded to anybody people worried about me right": {"probability": {"neg": 0.6799554363686813, "neutral": 0.18949498877374174, "pos": 0.32004456363131867}, "label": "neg"}, "i had i've had friend as a died": {"probability": {"neg": 0.7206671151845657, "neutral": 0.3954431691750468, "pos": 0.2793328848154343}, "label": "neg"}, "i've had teammates that died by do actual friends that freaking dice": {"probability": {"neg": 0.719977351354711, "neutral": 0.4018165434989689, "pos": 0.28002264864528903}, "label": "neg"}, "i mean this is different": {"probability": {"neg": 0.6138515577748277, "neutral": 0.15278455481691822, "pos": 0.3861484422251723}, "label": "neg"}, "of course": {"probability": {"neg": 0.4704241810863542, "neutral": 0.7335290862116363, "pos": 0.5295758189136458}, "label": "neutral"}, "it's different, i mean it's my brother, but it's just it's just different": {"probability": {"neg": 0.7168398789075202, "neutral": 0.13516697357428462, "pos": 0.2831601210924798}, "label": "neg"}, "that shit is different and as much as i as much as i just want to give up on everything give up on my life, give up on youtube": {"probability": {"neg": 0.5241029829079092, "neutral": 0.2066218254876694, "pos": 0.47589701709209076}, "label": "neg"}, "just i just wan na say fuck it i know": {"probability": {"neg": 0.6770222409142621, "neutral": 0.14459081860487105, "pos": 0.3229777590857379}, "label": "neg"}, "i know he won't want that shit": {"probability": {"neg": 0.6578953838848578, "neutral": 0.32150168652023403, "pos": 0.3421046161151422}, "label": "neg"}, "i know he": {"probability": {"neg": 0.5520262915605648, "neutral": 0.6900330597474894, "pos": 0.4479737084394352}, "label": "neutral"}, "i know he's looking at me right now, like russ, i what the fuck he don't call me": {"probability": {"neg": 0.7676217340337126, "neutral": 0.15000786665395227, "pos": 0.23237826596628736}, "label": "neg"}, "sorry called me boogie boogie": {"probability": {"neg": 0.7460514131006644, "neutral": 0.11892130720453038, "pos": 0.25394858689933564}, "label": "neg"}, "what are you talking about saying you sound stupid? that's what he's saying right now like boogie, what are you saying saying like you gon na fucking, you got just quit me good": {"probability": {"neg": 0.5040543310850598, "neutral": 0.11338161116024324, "pos": 0.49594566891494024}, "label": "neg"}, "i fucking want them": {"probability": {"neg": 0.6953010973463161, "neutral": 0.153417600232768, "pos": 0.30469890265368393}, "label": "neg"}, "i was my homeboys in the room and he's you're": {"probability": {"neg": 0.6192209006231407, "neutral": 0.3490918296542036, "pos": 0.3807790993768593}, "label": "neg"}, "just talking he's just like out he's just telling you like man, i don't understand why you got it so hard": {"probability": {"neg": 0.828295462782348, "neutral": 0.15431993831182622, "pos": 0.171704537217652}, "label": "neg"}, "you like what is it difficult? what's different about you compared everybody else like why why all this shit happen to you and i'm like bruh, i don't know i accessing like": {"probability": {"neg": 0.7887815011782864, "neutral": 0.06672720366624417, "pos": 0.21121849882171362}, "label": "neg"}, "why is this? why did shit happen to me? if i was happen to our family, i wouldn't what the fuck did": {"probability": {"neg": 0.8428518049311073, "neutral": 0.12787362041023767, "pos": 0.1571481950688926}, "label": "neg"}, "we do to deserve this shit": {"probability": {"neg": 0.7447513287799883, "neutral": 0.262891524871417, "pos": 0.2552486712200117}, "label": "neg"}, "niggas old everything happens for a reason i just just based off the shit that already be happening already happened to me, because i already feel sorry for me": {"probability": {"neg": 0.8408707129852059, "neutral": 0.13857464476602618, "pos": 0.15912928701479415}, "label": "neg"}, "people i already was looking at me like dan upside, got a lot and then got a lot going on son being homeless and shit like my nigga side, and he just feel sorry for me": {"probability": {"neg": 0.8544390248251765, "neutral": 0.16764850430443934, "pos": 0.14556097517482353}, "label": "neg"}, "in that whole time, the guy i was feeling sorry for my brother": {"probability": {"neg": 0.7470369639502561, "neutral": 0.12594820753357172, "pos": 0.2529630360497439}, "label": "neg"}, "just like man, i hope you get that shit right, son like when he got locked up man": {"probability": {"neg": 0.5733666509585733, "neutral": 0.7143246957951446, "pos": 0.4266333490414267}, "label": "neutral"}, "i remember driving an hour to go, see him in jail and a good looking at him through the glass, and he just would have wouldn't a scar on his face and i'm just looking at him": {"probability": {"neg": 0.6778725993928545, "neutral": 0.7071351714647145, "pos": 0.3221274006071455}, "label": "neutral"}, "i can't even he couldn't look at me": {"probability": {"neg": 0.8297560805778506, "neutral": 0.3043906655997854, "pos": 0.1702439194221495}, "label": "neg"}, "i couldn't look at him, i wonder where he got out man and he was on my couch on batman": {"probability": {"neg": 0.7522840838082941, "neutral": 0.8683755900620902, "pos": 0.24771591619170585}, "label": "neutral"}, "i hope that's that's when i wasn't homeless": {"probability": {"neg": 0.7034937248093458, "neutral": 0.3617222781383504, "pos": 0.29650627519065426}, "label": "neg"}, "no more - and i should say my man - i hope he hit it up man": {"probability": {"neg": 0.735000103396027, "neutral": 0.17528269301215796, "pos": 0.26499989660397305}, "label": "neg"}, "i hope he could get back right": {"probability": {"neg": 0.5261053081696727, "neutral": 0.7405003998300267, "pos": 0.47389469183032723}, "label": "neutral"}, "you saying the niggas call was calling me i'm thinking like yo man": {"probability": {"neg": 0.7223656270081975,