{"hey guys, so i have some news": {"probability": {"neg": 0.6148319097139889, "neutral": 0.3415153182204021, "pos": 0.38516809028601107}, "label": "neg"}, "after my last video, i was planning suicide and, as you guys know, i've been planning suicide for a long time now and on christmas i attempted suicide and i just got out of millard wan, it's kind of like a mental facility to keep you safe on christmas": {"probability": {"neg": 0.757698184394519, "neutral": 0.19736171094315266, "pos": 0.24230181560548109}, "label": "neg"}, "i was at my friend's house and we were talking and we were drinking and after that we both went to bed and i slept in the basement and i've been making a video for a long time now and it's maybe an hour and a half long": {"probability": {"neg": 0.7392828320016815, "neutral": 0.22764358638230234, "pos": 0.2607171679983184}, "label": "neg"}, "and i couldn't take it anymore and i started writing writing letters as well to a lot of my friends and family": {"probability": {"neg": 0.5078538431489976, "neutral": 0.33887850737859493, "pos": 0.4921461568510024}, "label": "neg"}, "but i never got to the family because their letters would be longer than the letters to my friends and i never got to them": {"probability": {"neg": 0.5493726210053016, "neutral": 0.45700681418627614, "pos": 0.4506273789946984}, "label": "neg"}, "but on christmas day it was nighttime, it was maybe midnight or 1:00 a": {"probability": {"neg": 0.6228305023295302, "neutral": 0.5327765693160624, "pos": 0.37716949767046976}, "label": "neutral"}, "m": {"probability": {"neg": 0.5548182678809279, "neutral": 0.600796550248209, "pos": 0.445181732119072}, "label": "neutral"}, "and i couldn't take it anymore": {"probability": {"neg": 0.6155931765887546, "neutral": 0.33775634158598283, "pos": 0.3844068234112455}, "label": "neg"}, "it's really depressed and i just really really really wanted to go": {"probability": {"neg": 0.7246327684090662, "neutral": 0.0035008250380381446, "pos": 0.2753672315909338}, "label": "neg"}, "so i never finished it": {"probability": {"neg": 0.6721443801926354, "neutral": 0.34304642135017177, "pos": 0.3278556198073645}, "label": "neg"}, "so i ended up making a video saying goodbye and i wrote one little letter saying that i'm sorry because my friend would find me dead": {"probability": {"neg": 0.8368396941316786, "neutral": 0.12473874650981835, "pos": 0.1631603058683214}, "label": "neg"}, "in the morning um i took a meat knife and i cut my legs in my arms, my forearms and my stomach": {"probability": {"neg": 0.6917313758276179, "neutral": 0.34714159466049416, "pos": 0.3082686241723821}, "label": "neg"}, "i have some cuts right here and then i put a an alarm clock cord around my neck and i was going to hang myself but, as i said, i was drinking and i think that's what saved my life": {"probability": {"neg": 0.6129130992751255, "neutral": 0.15855223487249712, "pos": 0.38708690072487456}, "label": "neg"}, "i was too drunk to hang myself, but i attempted it and i passed out well, i took the cord offers and i passed out from the bleeding, but i was sort of still awake, and so i stumbled my way up the stairs to my friends room and he was dead asleep because a heavy sleeper and i ended up knocking over a dresser with my feet, my legs": {"probability": {"neg": 0.8135106832392055, "neutral": 0.18529263116867242, "pos": 0.1864893167607945}, "label": "neg"}, "well, i was on the ground bleeding out and that woke him up and he was he was panicky": {"probability": {"neg": 0.6512331135102654, "neutral": 0.8769939175604494, "pos": 0.34876688648973464}, "label": "neutral"}, "you don't know what to do and he was just screaming and he couldn't he hesitated": {"probability": {"neg": 0.773448657351212, "neutral": 0.42068447052925073, "pos": 0.226551342648788}, "label": "neg"}, "he didn't know whether or not to pick me up in the dark or turn off the lights": {"probability": {"neg": 0.7075636550356647, "neutral": 0.4580288816355697, "pos": 0.29243634496433535}, "label": "neg"}, "it took him a few seconds to actually turn on the lights and then, when he turned on the lights, he saw me there's blood everywhere on my arms and he said he was drinking too and he didn't know what to do": {"probability": {"neg": 0.8139164118466395, "neutral": 0.8277932231532121, "pos": 0.18608358815336049}, "label": "neutral"}, "he was a drunk drunk, but he was drinking, so i could tell he was just hesitating to stay sober to get me to the hospital and then we drove there and on the way there": {"probability": {"neg": 0.8136418546303039, "neutral": 0.47868012991207864, "pos": 0.18635814536969608}, "label": "neg"}, "i opened my the car door, the passenger door and i attempted to jump out and he had to pull me back in": {"probability": {"neg": 0.7990382264092448, "neutral": 0.7801728077076237, "pos": 0.20096177359075523}, "label": "neutral"}, "i think i was just really pissed off that i didn't worth the first time when i tried committing suicide because i was too drunk": {"probability": {"neg": 0.7850439025789662, "neutral": 0.13614884184440865, "pos": 0.21495609742103383}, "label": "neg"}, "i couldn't hang myself and then we got to the hospital and they had to do a cat scan": {"probability": {"neg": 0.8133216436168751, "neutral": 0.8813304526034816, "pos": 0.1866783563831249}, "label": "neutral"}, "they had to check my neck because there was a huge like line going around it and i'll show you the picture right now": {"probability": {"neg": 0.542535166164579, "neutral": 0.09445142716665489, "pos": 0.457464833835421}, "label": "neg"}, "that is my neck right there": {"probability": {"neg": 0.4084592747077793, "neutral": 0.1914904293676699, "pos": 0.5915407252922207}, "label": "pos"}, "after the lion clark, clock cord was um, it was wrapped twice around my neck and i went to go, hang myself with it, but it never worked and i will show you the cuts right now and if you don't like seeing cuts, don't look, but here are the cuts - this is what happened that night when i did that, and these are just a few hours after so they were pretty deep somewhere deeper than others, but most of them were just batches because i couldn't find a razor": {"probability": {"neg": 0.7700381697157741, "neutral": 0.16434017580937743, "pos": 0.22996183028422595}, "label": "neg"}, "so i used meat knife and i don't know if it was dulling out, but it was pretty sharp": {"probability": {"neg": 0.7148930155709902, "neutral": 0.042003954664640165, "pos": 0.28510698442900984}, "label": "neg"}, "i think i was just because i was drunk then i can go really deep and on the way to the hospital, the er, my or i called my mom, and i was crying": {"probability": {"neg": 0.8176598672429344, "neutral": 0.13006157224115755, "pos": 0.18234013275706562}, "label": "neg"}, "you know screaming, and i called my brother as well and they all met me at the hospital, but only my mom could come back for some reason, so they just dropped me off and told me that they loved me and then they went home just to wait": {"probability": {"neg": 0.7911081063910809, "neutral": 0.7232701712245589, "pos": 0.2088918936089191}, "label": "neutral"}, "what and see what would happen so i was in the er for a few hours because we were waiting for a spot in miller devon, the place i was talking about where they keep people safe, and i was on a 72-hour hold and we had to wait for a spot, so i was in the er for a few hours until i was wheeled over there and i spent five days there because on a weekend, weekends don't count as a 72-hour hold and my friends came and visited for a little bit and we went over what would happen after this, and now i'm in ilp, which is intensive, outpatient therapy and it's maybe three times a week for three hours a day and i have to be in there for maybe three to six weeks": {"probability": {"neg": 0.6753628769603772, "neutral": 0.7674021952823565, "pos": 0.3246371230396228}, "label": "neutral"},