{"hi guys um it's lita and i don't even really care how broad this video is or how real it is, or anything um": {"probability": {"neg": 0.6711551285478166, "neutral": 0.16607131042609619, "pos": 0.3288448714521834}, "label": "neg"}, "but i'm gon na be deleting everything tonight and it's really hard because it's such a huge part of my life and it's been such a huge part of my life for such a long time": {"probability": {"neg": 0.5204968961336766, "neutral": 0.11044287582278674, "pos": 0.47950310386632344}, "label": "neg"}, "i just can't handle this much pressure, there's so much pressure on and i can only handle so much of it and i've": {"probability": {"neg": 0.8126525709460312, "neutral": 0.22016809768274734, "pos": 0.18734742905396887}, "label": "neg"}, "i would have stopped this long time ago": {"probability": {"neg": 0.7925030727807968, "neutral": 0.2077827838584715, "pos": 0.2074969272192032}, "label": "neg"}, "i would have stopped youtube very long time ago, but i just wanted to make you guys happy seeing that i was able to make you guys happy": {"probability": {"neg": 0.6969703519567575, "neutral": 0.07186620962491275, "pos": 0.3030296480432425}, "label": "neg"}, "this is the most important thing in my entire life": {"probability": {"neg": 0.46534911318150596, "neutral": 0.13757588000000573, "pos": 0.534650886818494}, "label": "pos"}, "i can't be happy anymore": {"probability": {"neg": 0.5345975480381788, "neutral": 0.16982383934083298, "pos": 0.4654024519618212}, "label": "neg"}, "i just i need to focus on making myself happy and to do that, i need to restart everything and i need to get off the internet": {"probability": {"neg": 0.5245807058825211, "neutral": 0.03702011233180228, "pos": 0.47541929411747885}, "label": "neg"}, "it's just very toxic to me, and this is not a life choice that makes me happy anymore and the only thing that comes out of it, that's good is knowing that i make you guys happy and i won't be": {"probability": {"neg": 0.6587196566970552, "neutral": 0.10557334022609177, "pos": 0.34128034330294477}, "label": "neg"}, "i won't be": {"probability": {"neg": 0.6208156108501741, "neutral": 0.30397223704323434, "pos": 0.37918438914982583}, "label": "neg"}, "i don't want you guys to think that i'm leaving, because i'm betraying you or that i don't care it's just that i really needed to focus on my life": {"probability": {"neg": 0.7871096667573987, "neutral": 1.5037264146957791e-05, "pos": 0.21289033324260132}, "label": "neg"}, "this is where it begins": {"probability": {"neg": 0.5635030938266057, "neutral": 0.4301256468195953, "pos": 0.4364969061733943}, "label": "neg"}, "i need to start over and i'm so sorry that this is the way i have to do it, but i've tried everything else and i can't i can't just continue like this": {"probability": {"neg": 0.8583174921961353, "neutral": 0.2003716744699108, "pos": 0.1416825078038647}, "label": "neg"}, "i can't i love sharing my life with you": {"probability": {"neg": 0.4288128393612637, "neutral": 0.26135756253127845, "pos": 0.5711871606387363}, "label": "pos"}, "you guys mean so much to me": {"probability": {"neg": 0.6916490218728955, "neutral": 0.19835670106918468, "pos": 0.3083509781271046}, "label": "neg"}, "i can't even begin to explain how much you really mean to me, and i wish i could show you guys how much i mean this is the most i can do, and i know this video won't be up for long, but i just needed to tell you guys without just deleting my channel, i wanted at least while you guys quickly and that this is this - is it i can't take this much pressure": {"probability": {"neg": 0.8460330735479696, "neutral": 0.21250171895212192, "pos": 0.15396692645203036}, "label": "neg"}, "i can't i know that, there's a lot of people who can and that they they're great people, but i can't i'm not one of those people who can take this much": {"probability": {"neg": 0.6618474379630629, "neutral": 0.2400798960694295, "pos": 0.3381525620369371}, "label": "neg"}, "oh, so i decided to make my very last video in the placement i make it": {"probability": {"neg": 0.7784767750681056, "neutral": 0.30671523928927746, "pos": 0.22152322493189436}, "label": "neg"}, "so many videos before what does my um my favorite place, but i'm sure you guys have a lot of videos um, it's kind of really gross sweet home, but that would be a good place slide out": {"probability": {"neg": 0.4834784035891535, "neutral": 0.11720126848858381, "pos": 0.5165215964108465}, "label": "pos"}, "um, you guys very much, and i really never want you to forget that, because every time i said that i really meant it and i will never not love you guys, there's not a day when i don't think about all of you, and i know that there will never be a day when i don't really hope you know wanted was happy, genuinely happy lives": {"probability": {"neg": 0.5854857993647261, "neutral": 0.07952158514912348, "pos": 0.4145142006352739}, "label": "neg"}, "you could possibly live and just know that i'll miss you guys so so much and i just have to open a new chapter in my life": {"probability": {"neg": 0.6694678091824374, "neutral": 0.19666168536926806, "pos": 0.3305321908175626}, "label": "neg"}, "i guess, and i need to put the old one never ever ever ever forget to keep smiling because it's so important": {"probability": {"neg": 0.556702902835892, "neutral": 0.14095325317375948, "pos": 0.44329709716410803}, "label": "neg"}, "i want you guys all to remember that you are all important": {"probability": {"neg": 0.40930995584466157, "neutral": 0.013731556745169028, "pos": 0.5906900441553384}, "label": "pos"}, "i really didn't mean that, because you are, i love you guys pretty much": {"probability": {"neg": 0.5867920228309393, "neutral": 0.10484454274416356, "pos": 0.41320797716906066}, "label": "neg"}, "i don't really, i know about very good with words": {"probability": {"neg": 0.4224317893072447, "neutral": 0.03739112678582695, "pos": 0.5775682106927553}, "label": "pos"}, "i do love you and all my fats will be when my mom loves you guys": {"probability": {"neg": 0.37183955681617287, "neutral": 0.1697749674198674, "pos": 0.6281604431838271}, "label": "pos"}, "thank you so much you're just up and down crazy where, in my life, thank you and i love you": {"probability": {"neg": 0.4983776848688678, "neutral": 0.16992595800281382, "pos": 0.5016223151311322}, "label": "pos"}, "okay, right!": {"probability": {"neg": 0.3648116402255436, "neutral": 0.3487692035114702, "pos": 0.6351883597744564}, "label": "pos"}}