{"hey guys, we are not perfect at all, like not even close": {"probability": {"neg": 0.566665094163854, "neutral": 0.013915913704653388, "pos": 0.4333349058361459}, "label": "neg"}, "you know": {"probability": {"neg": 0.4368674166588392, "neutral": 0.41633006037577464, "pos": 0.5631325833411608}, "label": "pos"}, "like the other day, i was saying how there are still sins in my life that haven't been revealed and um, but you know he'll be revealed later well, god just revealed in me how i lack self-control": {"probability": {"neg": 0.6231961665920585, "neutral": 0.27275455743596283, "pos": 0.37680383340794155}, "label": "neg"}, "it's funny cos a control freak": {"probability": {"neg": 0.2736076785099866, "neutral": 0.032803163276710984, "pos": 0.7263923214900134}, "label": "pos"}, "i lack self-control and he allows us to get to a point where we need him like so much that it forces us to to admit you know how helpless we are, how weak we are, and that just happened": {"probability": {"neg": 0.6055655128454012, "neutral": 0.2007623737246307, "pos": 0.39443448715459883}, "label": "neg"}, "that's where we should be": {"probability": {"neg": 0.5092179694460345, "neutral": 0.3505463613733735, "pos": 0.4907820305539655}, "label": "neg"}, "that's true, repentance! that's where you're like acknowledging the truth of your depravity and how you cannot save yourself and then you turn to god for salvation": {"probability": {"neg": 0.3450159642285572, "neutral": 0.32543923063391794, "pos": 0.6549840357714428}, "label": "pos"}, "that is true repentance": {"probability": {"neg": 0.34319376000450696, "neutral": 0.41933043731374076, "pos": 0.656806239995493}, "label": "pos"}, "that is the place where you appreciate jesus the most and you just fall to your knees, cuz you're, so grateful because you realize how screwed you'd be without him": {"probability": {"neg": 0.3943698458546602, "neutral": 0.18070445086366038, "pos": 0.6056301541453398}, "label": "pos"}, "basically and that's what he taught when he came here": {"probability": {"neg": 0.376035848832039, "neutral": 0.8564542915334253, "pos": 0.623964151167961}, "label": "neutral"}, "you know he was like you guys, think you keep the ten commandments, but you don't because if you even look at somebody with lust you've already committed adultery and if you hate your brother you've already murdered him": {"probability": {"neg": 0.6389064619355562, "neutral": 0.25189471865830165, "pos": 0.3610935380644438}, "label": "neg"}, "he revealed the depth of our depravity": {"probability": {"neg": 0.3099870637322797, "neutral": 0.7828032871350402, "pos": 0.6900129362677203}, "label": "neutral"}, "he showed us how we fail, and that was the whole point of the law and there's a scripture about it": {"probability": {"neg": 0.6233607601241707, "neutral": 0.2503410430994261, "pos": 0.37663923987582926}, "label": "neg"}, "it says that the law is a schoolmaster to point us to christ and that's exactly what it was": {"probability": {"neg": 0.31557555484668853, "neutral": 0.5275566146372137, "pos": 0.6844244451533115}, "label": "neutral"}, "it shows us how we fail": {"probability": {"neg": 0.5227731922992936, "neutral": 0.24697370680357691, "pos": 0.47722680770070636}, "label": "neg"}, "it shows us that we need a savior and then he died for us and they realized why, but even before he died for them": {"probability": {"neg": 0.672964396165743, "neutral": 0.48942997152393897, "pos": 0.32703560383425706}, "label": "neg"}, "they were like man who can be saved": {"probability": {"neg": 0.7073561076642481, "neutral": 0.7787842641793942, "pos": 0.29264389233575194}, "label": "neutral"}, "then, if the law is that hard - and he said with men, this is impossible, but with god all things are possible": {"probability": {"neg": 0.6530483206581316, "neutral": 0.5529663165962094, "pos": 0.34695167934186844}, "label": "neutral"}, "he wasn't talking about us being perfect in our flesh": {"probability": {"neg": 0.25190482056952845, "neutral": 0.09868702307210553, "pos": 0.7480951794304715}, "label": "pos"}, "he was talking about our spirits being perfected, but by his blood being shed on the cross": {"probability": {"neg": 0.39635565388084604, "neutral": 0.9678346371710417, "pos": 0.603644346119154}, "label": "neutral"}, "we received his perfect righteousness by faith when we put our trust in him": {"probability": {"neg": 0.147824373645435, "neutral": 0.6562779905396985, "pos": 0.852175626354565}, "label": "neutral"}, "thank god, we can put our trust in him, because otherwise we would have no chance because once and can separate you from god, falling into sin is bad, but there is good in it because you realize that you need jeans is oliver again, and god always brings good from the bad, he always turns a bad situation into something good": {"probability": {"neg": 0.5497110745040972, "neutral": 0.4187817493814541, "pos": 0.4502889254959029}, "label": "neg"}, "so please keep me in your prayers": {"probability": {"neg": 0.5022727399570508, "neutral": 0.35278894965764157, "pos": 0.49772726004294915}, "label": "neg"}, "i feel like i am being tested big time right now and kalyn are going through a lot of changes and a lot of tests and we need your prayers": {"probability": {"neg": 0.6860596323912793, "neutral": 0.23517167098311187, "pos": 0.3139403676087207}, "label": "neg"}, "so i love you guys and i hope you have a blessed day": {"probability": {"neg": 0.28824330237514073, "neutral": 0.1595731194757252, "pos": 0.7117566976248593}, "label": "pos"}, "lord part of us [, music, ]": {"probability": {"neg": 0.2752389993736484, "neutral": 0.4945308105917204, "pos": 0.7247610006263516}, "label": "pos"}}