{"okay, so today balls today, i woke up satin": {"probability": {"neg": 0.5673344717482044, "neutral": 0.189567201154499, "pos": 0.4326655282517956}, "label": "neg"}, "today i woke up depressed, which was weird": {"probability": {"neg": 0.7648818646357173, "neutral": 0.15006908081150888, "pos": 0.23511813536428275}, "label": "neg"}, "it was like it's weird how some days you just wake up and you feel it and you're like today": {"probability": {"neg": 0.5060777632015638, "neutral": 0.007939378431834647, "pos": 0.49392223679843617}, "label": "neg"}, "today is not my day: huh yeah wasn't my day": {"probability": {"neg": 0.7730662380678314, "neutral": 0.4608319067518607, "pos": 0.22693376193216863}, "label": "neg"}, "it's actually not been my day, the past two days, which is weird because there's a lot of good things happening in my life, but i have a really hard time seeing the positive, which is also weird, because i talked about seeing the positive a lot": {"probability": {"neg": 0.6866223090407972, "neutral": 0.09990542453052909, "pos": 0.3133776909592027}, "label": "neg"}, "i'm not trying to be hypocritical": {"probability": {"neg": 0.7295001436712913, "neutral": 0.3745699533029958, "pos": 0.27049985632870865}, "label": "neg"}, "i just have trouble too, so i asked why are we sitting down? i wan na chat we're just gon na which is kind of just gon na chill, and i mean i'm boiling right now and i decided to hit the hot chocolate which is boiling": {"probability": {"neg": 0.7814072602056856, "neutral": 0.12781271294573737, "pos": 0.21859273979431443}, "label": "neg"}, "i don't know why i keep sipping it so i saw my friend i don't know": {"probability": {"neg": 0.7722760207833403, "neutral": 0.3342863353447394, "pos": 0.2277239792166597}, "label": "neg"}, "if might know it's not my friend she's more of like an acquaintance": {"probability": {"neg": 0.6058375243020366, "neutral": 0.17361718654381023, "pos": 0.39416247569796337}, "label": "neg"}, "i would love to be her friend, but i don't know if she's my friend dodie, i did a panel with her at playlist": {"probability": {"neg": 0.7062479448777849, "neutral": 0.3211323080715434, "pos": 0.29375205512221514}, "label": "neg"}, "we've met a few times, we're nice people, we say hi": {"probability": {"neg": 0.423984667929743, "neutral": 0.16304583047539356, "pos": 0.576015332070257}, "label": "pos"}, "she made a video called": {"probability": {"neg": 0.5977187136850364, "neutral": 0.9484304680916799, "pos": 0.4022812863149636}, "label": "neutral"}, "i am depressed today and i thought it was amazing": {"probability": {"neg": 0.461277379979258, "neutral": 0.0493367202611422, "pos": 0.538722620020742}, "label": "pos"}, "i thought it was so so real and i've been finding myself watching these type of videos a lot recently, because i've been waking up in this mood and super weird": {"probability": {"neg": 0.6674491331785186, "neutral": 0.12966945954369596, "pos": 0.33255086682148133}, "label": "neg"}, "it's helped": {"probability": {"neg": 0.4973075071430556, "neutral": 0.37702967720250286, "pos": 0.5026924928569444}, "label": "pos"}, "it's helped me a lot": {"probability": {"neg": 0.5408077420794768, "neutral": 0.3392486509554209, "pos": 0.4591922579205232}, "label": "neg"}, "it tell me a lot knowing that other people are going to it to really helps me, and i think that's what you guys watch this channel, and i think that that's the main reason why i wanted to make a video": {"probability": {"neg": 0.5728733929568863, "neutral": 0.14356264140816558, "pos": 0.4271266070431136}, "label": "neg"}, "i just wanted to sit down and talk cuz": {"probability": {"neg": 0.7829082603332498, "neutral": 0.27252867324956576, "pos": 0.21709173966675027}, "label": "neg"}, "i haven't a really hard time thinking about like what to film, not that it matters anyways": {"probability": {"neg": 0.795871261919912, "neutral": 0.0001465232822963671, "pos": 0.20412873808008797}, "label": "neg"}, "i don't really have a schedule anymore": {"probability": {"neg": 0.6788516724071025, "neutral": 0.0035067681358107866, "pos": 0.3211483275928975}, "label": "neg"}, "i have this problem where, if i'm successful, i always find a way to bring myself down, because i don't think i should have that high of expectations in my life, like a really really good thing, happened to me last week, a massive thing out of this world": {"probability": {"neg": 0.8094935154780343, "neutral": 0.1028917855084533, "pos": 0.19050648452196572}, "label": "neg"}, "i can't what it is, i'm not trying to be that you two are saying that this students happening, but it can't tell you because they don't even know what's happening yet, but like this huge thing happened and i can't seem to like it anymore": {"probability": {"neg": 0.8311285193510226, "neutral": 0.2373430237732523, "pos": 0.1688714806489774}, "label": "neg"}, "i can't seem to enjoy the idea of it and it stresses me up and i think negatively it's a problem": {"probability": {"neg": 0.6938570557586249, "neutral": 0.23361875768141513, "pos": 0.3061429442413751}, "label": "neg"}, "i know another thing: that's kind of positive is that i've been working out a lot recently and if you follow me on instagram, not saying actually, you should probably go follow me on instagram it's at joey, guinea": {"probability": {"neg": 0.505391719974126, "neutral": 0.09242636398213351, "pos": 0.49460828002587404}, "label": "neg"}, "it looks like this, it's really cool": {"probability": {"neg": 0.5587580484158347, "neutral": 0.007187884117055381, "pos": 0.44124195158416535}, "label": "neg"}, "i love talking": {"probability": {"neg": 0.3566818879781011, "neutral": 0.20197535972785582, "pos": 0.6433181120218989}, "label": "pos"}, "you guys on there and i've been working out a lot recently, just because i wanted to get my body into a shape where you know i like it": {"probability": {"neg": 0.7275207923802857, "neutral": 0.33942798606552155, "pos": 0.27247920761971434}, "label": "neg"}, "that's that's literally": {"probability": {"neg": 0.5886911804845159, "neutral": 0.41204928150837494, "pos": 0.41130881951548415}, "label": "neg"}, "the only reason why i'm doing it and i find them very hard on myself at the same time like i'm like, oh, i don't have like the packs of this guy and i think, like a lot, a lot there's a lot of stigma in men's health": {"probability": {"neg": 0.8240763285385111, "neutral": 0.13039964517206273, "pos": 0.17592367146148896}, "label": "neg"}, "we always look at that cover or we look at that instagram picture, whatever we're like wow": {"probability": {"neg": 0.33253442193411864, "neutral": 0.0013860768368360746, "pos": 0.6674655780658814}, "label": "pos"}, "we want to be that guy": {"probability": {"neg": 0.6378184496884298, "neutral": 0.3978520473164949, "pos": 0.3621815503115702}, "label": "neg"}, "i want to be that big, you know or small whatever you want in life and it's really been stressing me out lately, but like it's a good thing, i don't know when to stop another thing that have been kind of going about lately and i haven't really told the main channel this i got into school again, which is really cool yeah": {"probability": {"neg": 0.7307841399555237, "neutral": 0.1114067104897453, "pos": 0.26921586004447634}, "label": "neg"}, "i got into like a really cool program, it's kind of like my dream program right now for school, and i don't know if i want to go, not because i don't like to school": {"probability": {"neg": 0.685969108397102, "neutral": 0.0634523109622774, "pos": 0.31403089160289804}, "label": "neg"}, "i mean i've already graduated from college, if you don't already know, but it's just like i don't know": {"probability": {"neg": 0.7953382137916153, "neutral": 0.10445873915957042, "pos": 0.2046617862083847}, "label": "neg"}, "if i want to look back, is that taking a step back? i know education like my problem": {"probability": {"neg": 0.7024818372634298, "neutral": 0.3349382145031233,