{"look at you because you're slowly fading that ish, i told you it's all over between us": {"probability": {"neg": 0.3142862193930408, "neutral": 0.3334890641589327, "pos": 0.6857137806069592}, "label": "pos"}, "then why don't you understand? oh, please, don't do this to me": {"probability": {"neg": 0.8134432905220894, "neutral": 0.3362811670865909, "pos": 0.1865567094779106}, "label": "neg"}, "i beg you": {"probability": {"neg": 0.4449039197671054, "neutral": 0.34677658339571543, "pos": 0.5550960802328946}, "label": "pos"}, "i can't live without": {"probability": {"neg": 0.6909076799465841, "neutral": 0.25289876481710527, "pos": 0.3090923200534159}, "label": "neg"}, "you then die do whatever you want to do": {"probability": {"neg": 0.5687088301802844, "neutral": 0.4068475498812152, "pos": 0.4312911698197156}, "label": "neg"}, "i mean uh": {"probability": {"neg": 0.6805865106218794, "neutral": 0.15016742379207645, "pos": 0.31941348937812064}, "label": "neg"}, "no matter the subject, please no matter it's hard, please you promised me we would be together forever": {"probability": {"neg": 0.6068464343245901, "neutral": 0.18796512527974926, "pos": 0.39315356567540993}, "label": "neg"}, "nico smell of the newest question": {"probability": {"neg": 0.427997578286165, "neutral": 0.7560193189612164, "pos": 0.572002421713835}, "label": "neutral"}, "do you watch is going to cause a pajama for god's sake, nourish": {"probability": {"neg": 0.583370915969099, "neutral": 0.4058243457783133, "pos": 0.4166290840309011}, "label": "neg"}, "let me be very honest": {"probability": {"neg": 0.5476562217298537, "neutral": 0.014414619385667576, "pos": 0.45234377827014627}, "label": "neg"}, "i'm here with you for one last time: nene lekar, nourish snap, like so funny goals in life": {"probability": {"neg": 0.3646908652535542, "neutral": 0.158329562610351, "pos": 0.6353091347464458}, "label": "pos"}, "he loves commitment": {"probability": {"neg": 0.45568814218198284, "neutral": 0.9026816699625129, "pos": 0.5443118578180172}, "label": "neutral"}, "last week, lonavala car ownership, cole's ambitious, my foot curriculum ginger book": {"probability": {"neg": 0.600554037638303, "neutral": 0.6723765590105324, "pos": 0.39944596236169705}, "label": "neutral"}, "you don't always go together": {"probability": {"neg": 0.4691676956246812, "neutral": 0.3900114914398815, "pos": 0.5308323043753188}, "label": "pos"}, "you know what that is cool hell, i'm signing off": {"probability": {"neg": 0.41009258251857617, "neutral": 0.1367350952477572, "pos": 0.5899074174814238}, "label": "pos"}, "no signing off, did you murder the copa muchas? i know it imma sauces": {"probability": {"neg": 0.5690581624306763, "neutral": 0.3436026190595494, "pos": 0.43094183756932364}, "label": "neg"}, "you could watch a gummy name cuddle cot, another about numbers once you know, okay, that way, i'm leaving taunted an appoint": {"probability": {"neg": 0.5061981366067276, "neutral": 0.1709333570516239, "pos": 0.4938018633932724}, "label": "neg"}, "yes, please the who taught to me like this": {"probability": {"neg": 0.5584362616789639, "neutral": 0.35648560051235, "pos": 0.4415637383210361}, "label": "neg"}, "i didn't be specific in the last year initiation of pentathlon measly": {"probability": {"neg": 0.7280247930758135, "neutral": 0.2368463840099062, "pos": 0.27197520692418653}, "label": "neg"}, "we are not need, please i mean, i beg you, i'm sure leave everything we sure have a button thanks and you can particular description so one when you leave your night": {"probability": {"neg": 0.5398806730103413, "neutral": 0.14791942450042178, "pos": 0.46011932698965874}, "label": "neg"}, "i will leave you right now": {"probability": {"neg": 0.38345089843176117, "neutral": 0.16637175579304142, "pos": 0.6165491015682388}, "label": "pos"}, "i will leave it for emma": {"probability": {"neg": 0.3755194475304877, "neutral": 0.3649427662831677, "pos": 0.6244805524695123}, "label": "pos"}, "doesn't bother give my own, but remember i love you so much": {"probability": {"neg": 0.5937446612412927, "neutral": 0.13421802687985732, "pos": 0.40625533875870734}, "label": "neg"}, "okay, simon us, i'm living, and i want you to watch me leave": {"probability": {"neg": 0.3463655665918546, "neutral": 0.1687171954613612, "pos": 0.6536344334081454}, "label": "pos"}, "what do you mean nourish? what are you doing? it's not funny nourish": {"probability": {"neg": 0.5584870693427959, "neutral": 0.06057092645088149, "pos": 0.4415129306572041}, "label": "neg"}, "today's show up in the region of you buy milk will be don't worry": {"probability": {"neg": 0.4813107583859614, "neutral": 0.34697475971143504, "pos": 0.5186892416140386}, "label": "pos"}, "brother noddy i'll are really solid": {"probability": {"neg": 0.4244937322573302, "neutral": 0.2901394775010088, "pos": 0.5755062677426698}, "label": "pos"}, "actually, i've been to the hospital rules and a valley girl, releasing the metallic bang, gwa or velocity": {"probability": {"neg": 0.7200416965345167, "neutral": 0.7305503560364639, "pos": 0.27995830346548334}, "label": "neutral"}, "it looks a year yeah titus, that every damn i'm trying to make phone calls and body is so on": {"probability": {"neg": 0.7773871792815699, "neutral": 0.35129870465211227, "pos": 0.22261282071843008}, "label": "neg"}}