{"i've just been in such a a weird um frame of mind lately and not that i haven't been myself, but i've just had i'm a very emotional person": {"probability": {"neg": 0.6954960228858578, "neutral": 0.07297582383381618, "pos": 0.3045039771141422}, "label": "neg"}, "if you don't, if you don't believe in astrology, then you're gon na roll your eyes at this, but i am a cancer": {"probability": {"neg": 0.4794404093496446, "neutral": 0.33814628908086103, "pos": 0.5205595906503554}, "label": "pos"}, "we are very emotional always, and so you know i'm always emotional, which is recently i've just been": {"probability": {"neg": 0.4372589646951667, "neutral": 0.09212810193042197, "pos": 0.5627410353048333}, "label": "pos"}, "you know a bucket of emotions": {"probability": {"neg": 0.3144850400997141, "neutral": 0.37902576767732304, "pos": 0.6855149599002859}, "label": "pos"}, "i lost someone recently and it was a very weird loss for me": {"probability": {"neg": 0.7619669682161339, "neutral": 0.006037226013069649, "pos": 0.2380330317838662}, "label": "neg"}, "something i'm not necessarily you know hundred percent comfortable": {"probability": {"neg": 0.5133501383744967, "neutral": 0.07411560140409644, "pos": 0.48664986162550333}, "label": "neg"}, "you know going into details, but it was just a very weird relation to that person and the loss just not only hurt because i lost someone, but it just brought back a lot of a lot of feelings": {"probability": {"neg": 0.7235122221613615, "neutral": 0.11893486380676506, "pos": 0.2764877778386386}, "label": "neg"}, "um": {"probability": {"neg": 0.5018937842696074, "neutral": 0.43474443491374376, "pos": 0.49810621573039265}, "label": "neg"}, "a lot of really scary feelings that i haven't dealt with in a really long time": {"probability": {"neg": 0.7902401846520066, "neutral": 0.03511551525192299, "pos": 0.20975981534799337}, "label": "neg"}, "you know they come from a place where i was not happy, i'm not depressed": {"probability": {"neg": 0.4468267936603807, "neutral": 0.22121026105282993, "pos": 0.5531732063396193}, "label": "pos"}, "now i used to be very bad, but i'm not there at all": {"probability": {"neg": 0.9236794771246755, "neutral": 0.052728441273730116, "pos": 0.07632052287532452}, "label": "neg"}, "now i'm very happy with myself and i'm very happy with my life, but just to be back to like those thoughts and that frame of mind to be reminded of all that was just a very it's very emotionally draining um, i'm so i've been dealing with that and i've just graduated high school and um": {"probability": {"neg": 0.5717097448893047, "neutral": 0.1601686975003023, "pos": 0.42829025511069535}, "label": "neg"}, "obviously that's stressful": {"probability": {"neg": 0.474093032199562, "neutral": 0.388528025425187, "pos": 0.525906967800438}, "label": "pos"}, "i've decided i'm going to college a semester late, i'm not taking a gap year, but i need to go uh semester late because i went to school": {"probability": {"neg": 0.8234177674828217, "neutral": 0.21076476683762657, "pos": 0.17658223251717833}, "label": "neg"}, "i live": {"probability": {"neg": 0.4590997700920749, "neutral": 0.23264903508365198, "pos": 0.5409002299079251}, "label": "pos"}, "if you are in maryland, then you know what this means, if you don't live in maryland or you're, not in the dmv area": {"probability": {"neg": 0.48009055951642954, "neutral": 0.29661763800261337, "pos": 0.5199094404835705}, "label": "pos"}, "you're gon na have no idea what i'm talking about you know, but i live in pg county and my score was going to was in anne arundel county because i got started there and it was just really important for me to finish high school where i started": {"probability": {"neg": 0.6255374242111761, "neutral": 0.11372208446021131, "pos": 0.3744625757888239}, "label": "neg"}, "it so i could graduate in the class of people that i know just because i'm a scaredy cat, i really didn't, want to go to a completely new school and meet new people, and my boyfriend is my best friend": {"probability": {"neg": 0.5678307593739156, "neutral": 0.21609680906394327, "pos": 0.4321692406260844}, "label": "neg"}, "i didn't want to not be finishing high school in the class with him": {"probability": {"neg": 0.618838127397754, "neutral": 0.6322593172727914, "pos": 0.381161872602246}, "label": "neutral"}, "i was just afraid to be away from him and my best friend anaya, and it was just terrifying for me, so i just um": {"probability": {"neg": 0.5812859588419843, "neutral": 0.09984244387194106, "pos": 0.4187140411580157}, "label": "neg"}, "just i didn't do my makeup": {"probability": {"neg": 0.7228361823733427, "neutral": 0.33649449745132937, "pos": 0.2771638176266573}, "label": "neg"}, "cuz now i'm just talking i'm not even doing makeup": {"probability": {"neg": 0.7460958528153121, "neutral": 0.3500908534224602, "pos": 0.25390414718468785}, "label": "neg"}, "it's a 40 minute drive 40 45 minutes um, so i had to wake up super early and every morning bless her soul, she's": {"probability": {"neg": 0.6452259218642036, "neutral": 0.20113243598300176, "pos": 0.3547740781357964}, "label": "neg"}, "so supportive of me, i really do love my older sister um": {"probability": {"neg": 0.4692597749719335, "neutral": 0.09110909391837939, "pos": 0.5307402250280665}, "label": "pos"}, "she drove me to school every day, 45 minutes out from where we moved, and i you know": {"probability": {"neg": 0.6697392637271095, "neutral": 0.37708335441678836, "pos": 0.33026073627289054}, "label": "neg"}, "i always appreciate that for that and because of that i never i did that my 11th right year and my senior year, and so because of that i never really got to do driving school": {"probability": {"neg": 0.595093160392488, "neutral": 0.08103916122760126, "pos": 0.404906839607512}, "label": "neg"}, "i never they got through druggie school": {"probability": {"neg": 0.6955229612534755, "neutral": 0.7973182304233785, "pos": 0.30447703874652454}, "label": "neutral"}, "so i now have two and i am moving out - i'm jumping i'm jumping around": {"probability": {"neg": 0.5733750731002639, "neutral": 0.3644429271623038, "pos": 0.4266249268997361}, "label": "neg"}, "i never got to do driving school and that wouldn't be an issue except for the fact that i'm moving out": {"probability": {"neg": 0.8110593658536436, "neutral": 0.4052478883523667, "pos": 0.18894063414635642}, "label": "neg"}, "so my mom, my older sister and my stepdad all drive, and they are very helpful with getting me to where i want to be and where i need to be so that i'm grateful for, but they're not gon na": {"probability": {"neg": 0.6362558713994242, "neutral": 0.2624191550525265, "pos": 0.3637441286005758}, "label": "neg"}, "be there to do that for me anymore, because i am moving out um, so i'm starting school, a semester late, because i have to do do driving school and i just want to get that all the way out": {"probability": {"neg": 0.6586132500990235, "neutral": 0.22264592676269723, "pos": 0.3413867499009765}, "label": "neg"}, "the way not only driving school but because i'm moving, i just need to save more, you can never save": {"probability": {"neg": 0.6216980733399367, "neutral": 0.09471777004386073, "pos": 0.37830192666006335}, "label": "neg"}, "you can never save enough": {"probability": {"neg": 0.5117219650434708, "neutral": 0.272676108840188, "pos": 0.4882780349565292}, "label": "neg"}, "i just need to work, work, work, work and trying to get a job": {"probability": {"neg": 0.6205830570866412, "neutral": 0.7928381926823919, "pos": 0.3794169429133588}, "label": "neutral"}, "literally, since i had a job": {"probability": {"neg": 0.6549070798057048, "neutral": 0.43435216754819894, "pos": 0.34509292019429516}, "label": "neg"}, "that's how it worked was march these march of this year, and it is june now it's the end of june now and honestly at first": {"probability": {"neg": 0.47494753794235556, "neutral": 0.2637623463193119, "pos": 0.5250524620576444},