{"hi my name is stephanie": {"probability": {"neg": 0.5319036694028569, "neutral": 0.6799945729532086, "pos": 0.46809633059714306}, "label": "neutral"}, "i don't really know how to start this, so i'm just gon na say": {"probability": {"neg": 0.7185259324646768, "neutral": 0.007109510359119178, "pos": 0.2814740675353232}, "label": "neg"}, "what's on my mind, i'm sorry, i'm not perfect": {"probability": {"neg": 0.7275648811470669, "neutral": 0.007358665616034688, "pos": 0.27243511885293314}, "label": "neg"}, "sorry, i'm not good enough! i'm sorry that i fucked everything up": {"probability": {"neg": 0.7995478940116896, "neutral": 0.08297751144609594, "pos": 0.20045210598831043}, "label": "neg"}, "i never wanted my life to end up like this": {"probability": {"neg": 0.6171362027522531, "neutral": 0.3681987842238579, "pos": 0.38286379724774694}, "label": "neg"}, "for god's sake, today was suicide awareness day and i just wan na fucking die": {"probability": {"neg": 0.7081889669834505, "neutral": 0.20278199713800102, "pos": 0.2918110330165496}, "label": "neg"}, "i used to think there was some purpose in their life": {"probability": {"neg": 0.637886275248363, "neutral": 0.7964599141076593, "pos": 0.36211372475163695}, "label": "neutral"}, "i can't find any anymore": {"probability": {"neg": 0.7401618992827192, "neutral": 0.3094813639190353, "pos": 0.25983810071728075}, "label": "neg"}, "i don't know why i'm still alive and hope to be alive, i'm not a good person, i'm so sorry for not being good enough mom": {"probability": {"neg": 0.684725457354956, "neutral": 0.13917093500253286, "pos": 0.31527454264504395}, "label": "neg"}, "i'm sorry that i didn't treat right": {"probability": {"neg": 0.7277247634430584, "neutral": 0.08781372572762362, "pos": 0.2722752365569417}, "label": "neg"}, "i love you": {"probability": {"neg": 0.30941868549390705, "neutral": 0.15950543553737975, "pos": 0.690581314506093}, "label": "pos"}, "i love you mom": {"probability": {"neg": 0.3786637082814168, "neutral": 0.23108274980261445, "pos": 0.6213362917185832}, "label": "pos"}, "they do": {"probability": {"neg": 0.5558210532782335, "neutral": 0.811892283268184, "pos": 0.44417894672176644}, "label": "neutral"}, "i'm sorry, for all the mean things": {"probability": {"neg": 0.8383411491291206, "neutral": 0.07812704160865204, "pos": 0.16165885087087944}, "label": "neg"}, "i've ever said to you todd, thank you being here for me: you're my hero, you're, my hero": {"probability": {"neg": 0.4626198284498463, "neutral": 0.3335165571530074, "pos": 0.5373801715501537}, "label": "pos"}, "please don't be sad about this": {"probability": {"neg": 0.8445892323345612, "neutral": 0.014052592639687474, "pos": 0.15541076766543876}, "label": "neg"}, "i wan na make things okay again, but i can't kayla kayla you're my best friend and i love you and i'm sorry for giving up": {"probability": {"neg": 0.6995348887846826, "neutral": 0.16964290813300142, "pos": 0.30046511121531744}, "label": "neg"}, "i know you believe in me": {"probability": {"neg": 0.5211900978668487, "neutral": 0.33882966402391546, "pos": 0.47880990213315133}, "label": "neg"}, "i just can't do it anymore and i'm sorry": {"probability": {"neg": 0.7978779591763092, "neutral": 0.15553367610776284, "pos": 0.2021220408236908}, "label": "neg"}, "i wish it was stronger than this": {"probability": {"neg": 0.7204460296936392, "neutral": 0.34255412813267777, "pos": 0.27955397030636076}, "label": "neg"}, "so this is it this": {"probability": {"neg": 0.6457768419323473, "neutral": 0.34997965384057617, "pos": 0.35422315806765275}, "label": "neg"}, "is it i'm sorry's in the world? i just i can't handle it anymore": {"probability": {"neg": 0.8099499039223718, "neutral": 0.3246735031297776, "pos": 0.19005009607762824}, "label": "neg"}, "i'm sorry!": {"probability": {"neg": 0.8376033537622958, "neutral": 0.03423047769442949, "pos": 0.16239664623770428}, "label": "neg"}}