{"[, music ]": {"probability": {"neg": 0.41432921950569834, "neutral": 0.5790672398347515, "pos": 0.5856707804943017}, "label": "neutral"}, "look how depressed i am": {"probability": {"neg": 0.7061546011418202, "neutral": 0.3624185302138179, "pos": 0.29384539885817984}, "label": "neg"}, "i don't even care about black crowns like in trouble": {"probability": {"neg": 0.8162291690859118, "neutral": 0.19102647817618387, "pos": 0.18377083091408825}, "label": "neg"}, "why a microphone so mighty? i'm not my problem": {"probability": {"neg": 0.7349890951607938, "neutral": 0.03869645633707796, "pos": 0.26501090483920625}, "label": "neg"}, "i don't give a damn what kind of group hello! my name is jody and i am depressed today and that's okay": {"probability": {"neg": 0.5447029062274722, "neutral": 0.10201702463542384, "pos": 0.45529709377252786}, "label": "neg"}, "what else you know i have to be kind to myself these days come my therapist told me that it was healthy to wake up and not check if you're depressed aisa wake up, and i'm like": {"probability": {"neg": 0.7002696263574404, "neutral": 0.10005336989700168, "pos": 0.2997303736425596}, "label": "neg"}, "how am i feeling today am i here": {"probability": {"neg": 0.5590300008732328, "neutral": 0.3394994234205058, "pos": 0.44096999912676715}, "label": "neg"}, "the answer is always no, i'm still spaced out still don't really feel like i'm awake, and then i go": {"probability": {"neg": 0.8273805203950129, "neutral": 0.006244147869431703, "pos": 0.17261947960498708}, "label": "neg"}, "oh, no and now i'm depressed as well after you recommended not checking": {"probability": {"neg": 0.7154486433900009, "neutral": 0.356920794889868, "pos": 0.2845513566099991}, "label": "neg"}, "i felt better because i was like oh yeah, i'm just going to continue with my day who says if you check, then you usually find so i stopped clock in problem": {"probability": {"neg": 0.5381512397264351, "neutral": 0.1775371633764992, "pos": 0.4618487602735649}, "label": "neg"}, "is today i don't have to joke": {"probability": {"neg": 0.7016551891962342, "neutral": 0.3415051344861311, "pos": 0.29834481080376585}, "label": "neg"}, "sometimes you just wake up and your brain is so heavy": {"probability": {"neg": 0.5333674495671709, "neutral": 0.17649067214445568, "pos": 0.46663255043282914}, "label": "neg"}, "you can't help but notice that so my topic today now is idea and depressed": {"probability": {"neg": 0.7396617713422865, "neutral": 0.30549961929551334, "pos": 0.2603382286577135}, "label": "neg"}, "i know so well when i'm depressed, i can just tell exactly when my brain isn't working properly": {"probability": {"neg": 0.8176410796541353, "neutral": 0.30310808159558317, "pos": 0.1823589203458647}, "label": "neg"}, "it's very chemical": {"probability": {"neg": 0.4291215511013736, "neutral": 0.25309876449392693, "pos": 0.5708784488986264}, "label": "pos"}, "it feels very physical": {"probability": {"neg": 0.6084446677328559, "neutral": 0.2906063958669598, "pos": 0.3915553322671441}, "label": "neg"}, "there are days when i feel sad, and i know it's emotional and it's because of a situation or something that's getting me down": {"probability": {"neg": 0.6605698380529008, "neutral": 0.11827335761648217, "pos": 0.3394301619470992}, "label": "neg"}, "it's like a weight inside my body, whereas when it's like a chemical depression, this feels black": {"probability": {"neg": 0.6935086327232216, "neutral": 0.19791428318889595, "pos": 0.3064913672767784}, "label": "neg"}, "my brain feels rotting": {"probability": {"neg": 0.6586516207065434, "neutral": 0.35383307051531987, "pos": 0.3413483792934566}, "label": "neg"}, "nothing works like i don't get anything your chest is heavy the whole day": {"probability": {"neg": 0.7753769034526742, "neutral": 0.189577093786794, "pos": 0.22462309654732585}, "label": "neg"}, "i just feel this constant longing for something and i'm not getting it suddenly": {"probability": {"neg": 0.7157342740427554, "neutral": 0.23282980907331585, "pos": 0.28426572595724464}, "label": "neg"}, "nothing is easy": {"probability": {"neg": 0.4587669298304783, "neutral": 0.3709426538000296, "pos": 0.5412330701695217}, "label": "pos"}, "everything seems terrifying and difficult and complex, and messy and heavy like nothing's, going to be okay": {"probability": {"neg": 0.491148344900053, "neutral": 0.14435819775271239, "pos": 0.508851655099947}, "label": "pos"}, "ever again, and that this is the normal, this is where my head goes to naturally, and that every time i show how you're feeling better you're going to feel better again bits of life and i'm lying to myself, and this is how i should just naturally feel and i should just stop treading water and let go and give up and just fall down to this dark pit": {"probability": {"neg": 0.8006153457396217, "neutral": 0.17826693091435733, "pos": 0.1993846542603783}, "label": "neg"}, "where i am now wow, i should put disclaimer at the start or something this isn't a very positive video": {"probability": {"neg": 0.7821194991366902, "neutral": 0.14569362704748054, "pos": 0.21788050086330982}, "label": "neg"}, "i guess, but i interesting to catch it in the moment just might like working head": {"probability": {"neg": 0.6833001548225484, "neutral": 0.167551633081459, "pos": 0.3166998451774517}, "label": "neg"}, "am i not working head are so different and they don't have empathy for each other asshole when i'm feeling healthy, i'm like how on earth could i ever not feel like this? there's so much to be happy about anna sermon to be hopeful for why not just choose happiness and choose the hopeful route": {"probability": {"neg": 0.682983242547929, "neutral": 0.21552154852959318, "pos": 0.31701675745207103}, "label": "neg"}, "i can't put myself in my happy minds at the moment, but that's i think, what i feel i remember just being like": {"probability": {"neg": 0.5134565870558597, "neutral": 0.15080394549918055, "pos": 0.4865434129441403}, "label": "neg"}, "oh, i always know i'll come up afterwards, there's always enough after a down, and i will feel good again and that's what i write down in all my diaries and on my wall": {"probability": {"neg": 0.5966755664600938, "neutral": 0.19400625450803335, "pos": 0.4033244335399062}, "label": "neg"}, "don't worry, you'll feel": {"probability": {"neg": 0.4634992992789877, "neutral": 0.3386096170005421, "pos": 0.5365007007210123}, "label": "pos"}, "okay again, this is just temporary for us right now": {"probability": {"neg": 0.6016867959934482, "neutral": 0.2115990292460085, "pos": 0.3983132040065518}, "label": "neg"}, "if i was to write a message to my happy self, i don't want to do that": {"probability": {"neg": 0.6116039687273471, "neutral": 0.00040609839958305553, "pos": 0.3883960312726529}, "label": "neg"}, "obviously, i'm not going to bring you down happy me if i want to it would be like love": {"probability": {"neg": 0.5755942257918932, "neutral": 0.12396288387462466, "pos": 0.42440577420810677}, "label": "neg"}, "stop killing yourself! i'm not going to do that because i know objectively, i'm sure this is just my brain up": {"probability": {"neg": 0.717237724324929, "neutral": 0.041408927346619294, "pos": 0.28276227567507095}, "label": "neg"}, "no-one's natural state should be this bad, it's so bad, so bad! oh! this is when you know, you're depressed you just get nothing from anything i'll watch a tv show and i'll be like": {"probability": {"neg": 0.8962070034377644, "neutral": 0.13333838114072352, "pos": 0.10379299656223562}, "label": "neg"}, "i wonder what else there is to do i'll go outside now, just feel hopeless and like well": {"probability": {"neg": 0.717385713546715, "neutral": 0.3194705998294451, "pos": 0.282614286453285}, "label": "neg"}, "this is, i want to be outside when it's nice and feel nothing i'll go back in and back": {"probability": {"neg": 0.6705925433959817, "neutral": 0.2495683126446903, "pos": 0.32940745660401827}, "label": "neg"},