{"everybody, that's all": {"probability": {"neg": 0.48312297547935446, "neutral": 0.4988248739993349, "pos": 0.5168770245206455}, "label": "pos"}, "i can really say": {"probability": {"neg": 0.625818266390024, "neutral": 0.009697384896787693, "pos": 0.3741817336099759}, "label": "neg"}, "i've said 30 this morning, i'm laying here ever since about 50 feet down at the ravit just want to say i love you guys saris being stupid, but you know that's what i do": {"probability": {"neg": 0.7794838018984325, "neutral": 0.12582794547399143, "pos": 0.22051619810156753}, "label": "neg"}, "i'm dad love you": {"probability": {"neg": 0.4224855675075152, "neutral": 0.16062327242657484, "pos": 0.5775144324924848}, "label": "pos"}, "nor do you love you burke and marni caring that i love you guys take care, you got a broke during them, ribs, maybe back! i love": {"probability": {"neg": 0.47170511643300195, "neutral": 0.19129299247250486, "pos": 0.528294883566998}, "label": "pos"}, "you guys take care of the puppies for me to give jimmer and ruger lots of love for me and rocco dodge and kimber rocco, rocco, dodge and tango": {"probability": {"neg": 0.2563336160861386, "neutral": 0.14620902084751067, "pos": 0.7436663839138614}, "label": "pos"}, "i miss you guys, see you soon": {"probability": {"neg": 0.6345251489728722, "neutral": 0.3532746443718276, "pos": 0.36547485102712784}, "label": "neg"}, "hae-sun clock got ta use my flashlight to wave somebody down": {"probability": {"neg": 0.7222727035210299, "neutral": 0.3712941746134489, "pos": 0.27772729647897015}, "label": "neg"}, "i think i've moved, i got ta try to get it up": {"probability": {"neg": 0.701298803796832, "neutral": 0.39790585526935013, "pos": 0.2987011962031681}, "label": "neg"}, "i think it passed out, definitely conquered some lungs": {"probability": {"neg": 0.6159962950425588, "neutral": 0.03653312315162791, "pos": 0.3840037049574411}, "label": "neg"}, "oh love, you guys, ah yeah": {"probability": {"neg": 0.4137294711656827, "neutral": 0.17795727673843212, "pos": 0.5862705288343173}, "label": "pos"}, "i can use a drink of water they're": {"probability": {"neg": 0.6347587743030021, "neutral": 0.36873159888256996, "pos": 0.36524122569699796}, "label": "neg"}, "just like 50 feet away": {"probability": {"neg": 0.5918725302973146, "neutral": 0.547577533088789, "pos": 0.40812746970268543}, "label": "neutral"}, "all right love! you love! you! corny love! you mom dad hey yeah, take care, [, music, ], hey, oh where's, that body 10 % battery": {"probability": {"neg": 0.44460441322971844, "neutral": 0.19292957360346655, "pos": 0.5553955867702816}, "label": "pos"}, "that's 11 o'clock man": {"probability": {"neg": 0.5336198604432464, "neutral": 0.5252809064012811, "pos": 0.4663801395567536}, "label": "neutral"}, "i wish you would tell call timothy and tell him you got a husband out there that has injected into the 10:30 in the morning": {"probability": {"neg": 0.6025337310740668, "neutral": 0.8758855608403091, "pos": 0.3974662689259332}, "label": "neutral"}, "i love you, i don't know what to say, hopefully, hopefully be able to sleep and get to state trooper in the morning": {"probability": {"neg": 0.6410567834838001, "neutral": 0.23375531646868997, "pos": 0.35894321651619987}, "label": "neg"}, "i love you good night love": {"probability": {"neg": 0.26245461896166333, "neutral": 0.17339255061170347, "pos": 0.7375453810383367}, "label": "pos"}, "you sweet dreams,": {"probability": {"neg": 0.27844984631478353, "neutral": 0.3161494552605468, "pos": 0.7215501536852165}, "label": "pos"}}