{"hi i haven't recorded a video in a while then using another channel, but i forgot the passcode": {"probability": {"neg": 0.6949737755086747, "neutral": 0.38035887175805994, "pos": 0.3050262244913253}, "label": "neg"}, "i wanted to make this video to show people what suicide does": {"probability": {"neg": 0.7722311034466374, "neutral": 0.347521190488953, "pos": 0.2277688965533627}, "label": "neg"}, "i know you already know as soon as say kills you obviously that's what, but it does a lot more": {"probability": {"neg": 0.3539005723770361, "neutral": 0.16700272341321679, "pos": 0.6460994276229639}, "label": "pos"}, "it breaks you completely": {"probability": {"neg": 0.5270418249185133, "neutral": 0.38940319362123565, "pos": 0.47295817508148674}, "label": "neg"}, "first, i have to say warning this may trigger some thoughts or actions that you may do to yourself": {"probability": {"neg": 0.6473107921901085, "neutral": 0.23642061211143836, "pos": 0.35268920780989155}, "label": "neg"}, "so if you are extremely triggered or scream extremely offended to suicide, do not watch this video": {"probability": {"neg": 0.5699806349533053, "neutral": 0.3570322241858392, "pos": 0.4300193650466947}, "label": "neg"}, "i haven't made up for this one": {"probability": {"neg": 0.49962731597060317, "neutral": 0.3386524195706317, "pos": 0.5003726840293968}, "label": "pos"}, "i sometimes do but right now not doing this for a lot of reasons to show people that i'm trying i'm trying not to do that stuff anymore, i'm trying to get better, but it's gon na be hard for me": {"probability": {"neg": 0.5907225427553271, "neutral": 0.15848207460252126, "pos": 0.4092774572446729}, "label": "neg"}, "i for people who don't know me": {"probability": {"neg": 0.6824283643908664, "neutral": 0.33695311610577083, "pos": 0.3175716356091336}, "label": "neg"}, "i have extreme suicidal thoughts and actions still have at wrist": {"probability": {"neg": 0.6394790175937172, "neutral": 0.07576861512362515, "pos": 0.36052098240628283}, "label": "neg"}, "i've tried multiple times": {"probability": {"neg": 0.6533468984391382, "neutral": 0.3545265148415675, "pos": 0.34665310156086176}, "label": "neg"}, "obviously every single one has failed": {"probability": {"neg": 0.7652174156187106, "neutral": 0.3943667700754639, "pos": 0.23478258438128935}, "label": "neg"}, "it hurts": {"probability": {"neg": 0.6859828560121936, "neutral": 0.5981525565425593, "pos": 0.31401714398780645}, "label": "neutral"}, "it hurts a lot talking about this trying to express to people what this feels like see": {"probability": {"neg": 0.7669290877983068, "neutral": 0.3355863680571591, "pos": 0.23307091220169318}, "label": "neg"}, "a lot of people like the cut for the same thing right now, you're complete fucking idiots": {"probability": {"neg": 0.5004057714562532, "neutral": 0.1838929802329192, "pos": 0.4995942285437468}, "label": "neg"}, "you don't even have a reason, for you have a person in a band": {"probability": {"neg": 0.6321369590867101, "neutral": 0.39666308578417664, "pos": 0.3678630409132899}, "label": "neg"}, "that is not a reason for it": {"probability": {"neg": 0.7443621372572056, "neutral": 0.3828166348120042, "pos": 0.2556378627427944}, "label": "neg"}, "a lot of times": {"probability": {"neg": 0.4496486356277589, "neutral": 0.43704064290231254, "pos": 0.5503513643722411}, "label": "pos"}, "suicide is caused by a lot of things changing around you, my father, i'm not gon na, say or anything suffered from well": {"probability": {"neg": 0.5813963702839875, "neutral": 0.3700236769978682, "pos": 0.41860362971601245}, "label": "neg"}, "he still is suffering from and alcohol an alcoholic and extreme depression": {"probability": {"neg": 0.6369399531279792, "neutral": 0.6840513187221884, "pos": 0.36306004687202076}, "label": "neutral"}, "i have depression and anxiety, which all add up": {"probability": {"neg": 0.6497246631793914, "neutral": 0.3807657562634668, "pos": 0.35027533682060863}, "label": "neg"}, "it was one of the reasons why my parents got divorced a couple years ago": {"probability": {"neg": 0.6374830932746756, "neutral": 0.7165162086617812, "pos": 0.36251690672532444}, "label": "neutral"}, "it hurt a lot and that's when i sort of spiraled into this phase, a lot of people call it the emo phase": {"probability": {"neg": 0.5206050158933767, "neutral": 0.3433047000636784, "pos": 0.4793949841066233}, "label": "neg"}, "yes, it is email": {"probability": {"neg": 0.4185417352933204, "neutral": 0.41381809536730535, "pos": 0.5814582647066796}, "label": "pos"}, "i am very i'm very email, but i never really noticed any of the stuff going on around me and i sort of just tumbled in to my suicidal thoughts last year when i actually made those videos when i made i just watched the cinnamon challenge video": {"probability": {"neg": 0.7625638085164022, "neutral": 0.19644198733239626, "pos": 0.23743619148359787}, "label": "neg"}, "i didn't even know that i was like i've tried, choking myself, which i've done multiple times now, one notch with myself at joker's, and that's why, on my old page, i actually had to take it down, because i was getting so much hate on it": {"probability": {"neg": 0.8279641649422637, "neutral": 0.2285034254311493, "pos": 0.17203583505773637}, "label": "neg"}, "i made a video video stuff video about the choking yet because it's so stupid, but at the same time i was choking myself almost every day": {"probability": {"neg": 0.8486378539545645, "neutral": 0.1462500597687126, "pos": 0.15136214604543557}, "label": "neg"}, "it was an addiction": {"probability": {"neg": 0.5809871060700061, "neutral": 0.6481990820384214, "pos": 0.41901289392999386}, "label": "neutral"}, "i almost did take full doses of painkillers": {"probability": {"neg": 0.6325018600242535, "neutral": 0.16185963920301064, "pos": 0.36749813997574654}, "label": "neg"}, "try to kill myself, someone caught me and yeah that whole thing went down": {"probability": {"neg": 0.7736389936680755, "neutral": 0.7239126738982983, "pos": 0.22636100633192444}, "label": "neutral"}, "i've been called multiple things by the person, my father, who doesn't even know that i have suicidal problems": {"probability": {"neg": 0.776760779822423, "neutral": 0.35608673628543125, "pos": 0.22323922017757702}, "label": "neg"}, "he just thinks i'm brad": {"probability": {"neg": 0.6355536948807021, "neutral": 0.7480843475207145, "pos": 0.36444630511929793}, "label": "neutral"}, "he just thinks i'm a golf brat and see a lot of people on the internet saying that they don't have a reason": {"probability": {"neg": 0.7348404626828161, "neutral": 0.41285557225292324, "pos": 0.2651595373171839}, "label": "neg"}, "they all have a reason to kill themselves": {"probability": {"neg": 0.7776646382296704, "neutral": 0.9722685107480888, "pos": 0.22233536177032961}, "label": "neutral"}, "i feel fucking reason depression": {"probability": {"neg": 0.7447666447050538, "neutral": 0.08563774811806356, "pos": 0.2552333552949462}, "label": "neg"}, "all around me, people calling me things": {"probability": {"neg": 0.6578019912200724, "neutral": 0.5344438510249292, "pos": 0.34219800877992756}, "label": "neutral"}, "i have voices in my head": {"probability": {"neg": 0.7047162754539051, "neutral": 0.3469674444785467, "pos": 0.29528372454609486}, "label": "neg"}, "i know i sound like insane right now telling me go, kill yourself": {"probability": {"neg": 0.7055922590330523, "neutral": 0.1586025136422118, "pos": 0.2944077409669476}, "label": "neg"}, "no one fucking cares": {"probability": {"neg": 0.7769957444735742, "neutral": 0.4335181313055872, "pos": 0.22300425552642578}, "label": "neg"}, "no one loves you": {"probability": {"neg": 0.5177800370844599, "neutral": 0.5728310090431017, "pos": 0.4822199629155401}, "label": "neutral"}, "no one cares about you": {"probability": {"neg": 0.666011753472073, "neutral": 0.39322886462335843, "pos": 0.333988246527927}, "label": "neg"},