{"y'all know i'm not feeling too good man": {"probability": {"neg": 0.563897736054609, "neutral": 0.14478055180201296, "pos": 0.436102263945391}, "label": "neg"}, "i just want to tell you all about my day": {"probability": {"neg": 0.5454178887466535, "neutral": 0.3357201349460673, "pos": 0.45458211125334647}, "label": "neg"}, "you know i'm starting to feel like kent": {"probability": {"neg": 0.6901056815227702, "neutral": 0.3067504122123697, "pos": 0.30989431847722987}, "label": "neg"}, "now, like more and more like king, you know": {"probability": {"neg": 0.4219845183168357, "neutral": 0.22743343680357656, "pos": 0.5780154816831643}, "label": "pos"}, "no": {"probability": {"neg": 0.6125137771325109, "neutral": 0.5327351386261362, "pos": 0.3874862228674891}, "label": "neutral"}, "today we shall start on today i'll, have biology class and had a quiz, and you know i just didn't think i just know i did too well": {"probability": {"neg": 0.634134921174515, "neutral": 0.33458393347222537, "pos": 0.365865078825485}, "label": "neg"}, "you know you know, i'm not i'm just not doing good": {"probability": {"neg": 0.4825633129910173, "neutral": 0.1401070051264575, "pos": 0.5174366870089827}, "label": "pos"}, "in my biology class, my biology class and my i lock him in service classes like duels classes, are really really difficult, and i just cannot": {"probability": {"neg": 0.7865614043233755, "neutral": 0.012066222615301303, "pos": 0.21343859567662452}, "label": "neg"}, "i just cannot bring my grades up in those classes and it's very very difficult": {"probability": {"neg": 0.6009344718782577, "neutral": 0.11727381090275034, "pos": 0.3990655281217424}, "label": "neg"}, "you know and i'm supposed to be graduating this semester and if i don't pass these classes iein graduating nowhere": {"probability": {"neg": 0.7761850129403776, "neutral": 0.3368785767260511, "pos": 0.2238149870596224}, "label": "neg"}, "i ain't getting no better, i'm not i'm not gon na be able to get my associates degree and i'm not gon na be able to transfer to a four-year college, and you know that's my man": {"probability": {"neg": 0.6895573287599064, "neutral": 0.1525831534106871, "pos": 0.3104426712400936}, "label": "neg"}, "that's my biggest concern right now": {"probability": {"neg": 0.5343378940004323, "neutral": 0.2107517659741117, "pos": 0.4656621059995677}, "label": "neg"}, "you know stressed out about school and then you know, on top of that, i'm stressed out about these two asian girls": {"probability": {"neg": 0.5091563754231887, "neutral": 0.34901680680133856, "pos": 0.4908436245768113}, "label": "neg"}, "that's not that's barely you know, but you know texting me": {"probability": {"neg": 0.727646787869753, "neutral": 0.33933935357378475, "pos": 0.272353212130247}, "label": "neg"}, "you know responding to my texts, but i just want get": {"probability": {"neg": 0.6603924987228358, "neutral": 0.3414890685711199, "pos": 0.33960750127716427}, "label": "neg"}, "i won't get to": {"probability": {"neg": 0.6976681793617445, "neutral": 0.3027648307877417, "pos": 0.30233182063825553}, "label": "neg"}, "you know i want to talk about everything that happened": {"probability": {"neg": 0.6358425911779209, "neutral": 0.34638756044585217, "pos": 0.3641574088220792}, "label": "neg"}, "you know in water pretty much like what happened from the beginning to the end, so you know i had biology class and you know the dominica members": {"probability": {"neg": 0.6434884267468932, "neutral": 0.14708754118586803, "pos": 0.3565115732531068}, "label": "neg"}, "last night i remember oh no": {"probability": {"neg": 0.7798396286911352, "neutral": 0.36807640172727746, "pos": 0.22016037130886476}, "label": "neg"}, "i didn't tell y'all last night, our own, i called the dominican girl up well, no, she i texted her and i still she wanted to study with me over the over the phone for the test for the quiz for all that we had today, and she called me back machine": {"probability": {"neg": 0.5680037083314355, "neutral": 0.31405428771621424, "pos": 0.43199629166856446}, "label": "neg"}, "she instead of texting me back": {"probability": {"neg": 0.6839356459483164, "neutral": 0.553828293114781, "pos": 0.3160643540516836}, "label": "neutral"}, "she called me by machine called me like until, like maybe i could like of like four hours later, but i wasn't tripping over it": {"probability": {"neg": 0.786547708124276, "neutral": 0.35113956564227017, "pos": 0.213452291875724}, "label": "neg"}, "you know i didn't really care, so she called me back and she told me that she couldn't ask": {"probability": {"neg": 0.7358750094265049, "neutral": 0.17145868349984006, "pos": 0.26412499057349514}, "label": "neg"}, "she couldn't really seem really have time to um study with me, because she held don't know, work that she had to do so": {"probability": {"neg": 0.7902135319506524, "neutral": 0.0035892308120437574, "pos": 0.20978646804934764}, "label": "neg"}, "she called me back like 1:30": {"probability": {"neg": 0.6983942542808746, "neutral": 0.6500642666460221, "pos": 0.30160574571912535}, "label": "neutral"}, "in the morning i was sleep i was gone": {"probability": {"neg": 0.7673615387669279, "neutral": 0.528013299156019, "pos": 0.23263846123307205}, "label": "neutral"}, "i could not stay up that late": {"probability": {"neg": 0.7108524120460632, "neutral": 0.1580856202309758, "pos": 0.2891475879539368}, "label": "neg"}, "she called me like 1:30": {"probability": {"neg": 0.6807662515651175, "neutral": 0.653658252434498, "pos": 0.3192337484348825}, "label": "neutral"}, "in the morning i was i was tired": {"probability": {"neg": 0.8273016712912649, "neutral": 0.20662274759972507, "pos": 0.17269832870873514}, "label": "neg"}, "i was dead tired": {"probability": {"neg": 0.7819774377981991, "neutral": 0.1757979061729412, "pos": 0.21802256220180094}, "label": "neg"}, "i couldn't": {"probability": {"neg": 0.6932878676053387, "neutral": 0.3456783049052106, "pos": 0.30671213239466133}, "label": "neg"}, "i couldn't study that late": {"probability": {"neg": 0.6268502782967527, "neutral": 0.143515126067878, "pos": 0.37314972170324734}, "label": "neg"}, "so i just said: fuck it i'm going to bed, i'm tired, so i went to bed woke up": {"probability": {"neg": 0.8235877363241806, "neutral": 0.12586404341023805, "pos": 0.1764122636758194}, "label": "neg"}, "the next day went to school, took the test": {"probability": {"neg": 0.6681128667538534, "neutral": 0.9852404725251976, "pos": 0.3318871332461466}, "label": "neutral"}, "she came to class": {"probability": {"neg": 0.5703781175442507, "neutral": 0.9655373534812126, "pos": 0.4296218824557493}, "label": "neutral"}, "she sat next to me": {"probability": {"neg": 0.731138185670936, "neutral": 0.558156182766843, "pos": 0.268861814329064}, "label": "neutral"}, "she asked me if i, if she could sit next to me, said sure, move my stuff": {"probability": {"neg": 0.7276470137563497, "neutral": 0.19837062164761932, "pos": 0.27235298624365034}, "label": "neg"}, "she sat next to me and we was all talking to each other telling each other like how much we hated science, the science, the class you know talk": {"probability": {"neg": 0.5983653921471654, "neutral": 0.2971984436408263, "pos": 0.40163460785283456}, "label": "neg"}, "this was just basically just ranting about the class": {"probability": {"neg": 0.6448936277887081, "neutral": 0.49797054439776084, "pos": 0.355106372211292}, "label": "neg"}, "how much we hated and stuff like that? you know you know this is this is a struggle man": {"probability": {"neg": 0.6022554487239038, "neutral": 0.19374894197415773, "pos": 0.39774455127609626}, "label": "neg"}, "the struggle is real man with this class": {"probability": {"neg": 0.36245780545735906, "neutral": 0.8295952691936094, "pos": 0.6375421945426409}, "label": "neutral"}, "this class is very, very difficult and you know the dominican go": {"probability": {"neg": 0.565916749108101, "neutral": 0.19070586098130324,