{"i've been sad because you know um, and i can't really talk about this shit, which pisses me off um": {"probability": {"neg": 0.8461045214800299, "neutral": 0.09199323935639057, "pos": 0.15389547851997007}, "label": "neg"}, "i guess, but i had gone through when i was younger, has made ha has affected my life as an adult um": {"probability": {"neg": 0.737572144686454, "neutral": 0.30712526006064855, "pos": 0.26242785531354595}, "label": "neg"}, "i think the way i was explaining today one was some people that have been molested when they were younger": {"probability": {"neg": 0.7165951297514386, "neutral": 0.4048420309340924, "pos": 0.28340487024856137}, "label": "neg"}, "when they grow up, they either do drugs": {"probability": {"neg": 0.574948579080493, "neutral": 0.9550692389141022, "pos": 0.425051420919507}, "label": "neutral"}, "they turn to prostitution": {"probability": {"neg": 0.5599235886289716, "neutral": 0.9372472910871946, "pos": 0.4400764113710284}, "label": "neutral"}, "they get obsessed with having sex um, they love older men um, and i guess the only reason": {"probability": {"neg": 0.6993833831203106, "neutral": 0.7190151332047806, "pos": 0.30061661687968944}, "label": "neutral"}, "the only way to explain myself is my anxiety and depression": {"probability": {"neg": 0.6607764854009519, "neutral": 0.4890057117416055, "pos": 0.33922351459904815}, "label": "neg"}, "i was so fucked up in the head and i went through so much shit when i was younger that now it affects my life, my day-to-day life every single day um": {"probability": {"neg": 0.6761227965706817, "neutral": 0.24824593918260865, "pos": 0.3238772034293182}, "label": "neg"}, "i feel like there's not a day that goes by where i'm not sad, there's not a day that goodbye when i'm not crying, there's not a day that goes by when i would represent happy": {"probability": {"neg": 0.7318585453795519, "neutral": 0.049209170336542075, "pos": 0.2681414546204482}, "label": "neg"}, "and yes, i know that you know update lynne": {"probability": {"neg": 0.47575918635344117, "neutral": 0.3435276145681678, "pos": 0.5242408136465588}, "label": "pos"}, "she makes me happy and i think that people that goes to what i go through you know you can't truly explain this": {"probability": {"neg": 0.5645018557364301, "neutral": 0.1617093311376652, "pos": 0.43549814426356986}, "label": "neg"}, "you can't express the way you feel um": {"probability": {"neg": 0.4517175643521346, "neutral": 0.3291512551312147, "pos": 0.5482824356478654}, "label": "pos"}, "i think that i feel like if i was given anything in the world": {"probability": {"neg": 0.6616880028707186, "neutral": 0.3440075597390249, "pos": 0.33831199712928134}, "label": "neg"}, "it wouldn't make me happy, and i feel so terrible that that dave len has to deal with me": {"probability": {"neg": 0.7138640991089089, "neutral": 0.0031438340920963612, "pos": 0.2861359008910911}, "label": "neg"}, "it makes me sad": {"probability": {"neg": 0.7331224668694611, "neutral": 0.003526656789118066, "pos": 0.26687753313053886}, "label": "neg"}, "it's affected, you know not affected our relationship, but i feel like every time i talk to her": {"probability": {"neg": 0.5240946406874785, "neutral": 0.3355157572255685, "pos": 0.4759053593125215}, "label": "neg"}, "i'm sad and i have to say the same thing over and over again and she doesn't quite understand, but she understands to an extent and i've noticed i'm sorry that i'm crying i'm sorry that i can't control myself, but this is a vintage ellie": {"probability": {"neg": 0.8589588165670754, "neutral": 0.12097949855239697, "pos": 0.14104118343292454}, "label": "neg"}, "this is me expressing my my feelings, um, i feel like i feel, like i'm, making dadeland sad": {"probability": {"neg": 0.8250791594147151, "neutral": 8.346145620770628e-05, "pos": 0.1749208405852849}, "label": "neg"}, "i've never seen her so sad lately": {"probability": {"neg": 0.6953456874264276, "neutral": 0.036471813066892206, "pos": 0.30465431257357245}, "label": "neg"}, "she says it's because a body issue her body issues": {"probability": {"neg": 0.5099962030503522, "neutral": 0.6744157357186236, "pos": 0.49000379694964785}, "label": "neutral"}, "she says they're getting to her, but i feel like me, i feel like i can't talk": {"probability": {"neg": 0.8262927705731541, "neutral": 0.35654165348001116, "pos": 0.1737072294268459}, "label": "neg"}, "no, i don't know how to say it": {"probability": {"neg": 0.7501273788752529, "neutral": 0.33589477264607814, "pos": 0.24987262112474704}, "label": "neg"}, "i feel like i have made her depressed": {"probability": {"neg": 0.7550167705830442, "neutral": 0.3518645434773278, "pos": 0.24498322941695588}, "label": "neg"}, "i've put her i've": {"probability": {"neg": 0.5767514500274888, "neutral": 0.4038400956976345, "pos": 0.42324854997251116}, "label": "neg"}, "i don't know, i don't know": {"probability": {"neg": 0.6947344769577357, "neutral": 0.34164741502623586, "pos": 0.30526552304226434}, "label": "neg"}, "i honestly have no idea": {"probability": {"neg": 0.7683341705154072, "neutral": 0.3417234774575498, "pos": 0.23166582948459277}, "label": "neg"}, "daelin is such a happy person, you guys know you see it in the videos": {"probability": {"neg": 0.3570721141049098, "neutral": 0.09387642096564068, "pos": 0.6429278858950902}, "label": "pos"}, "she's always been a happy person, and maybe the past week or two things just have been sad it our relationship is not rocky, that's best for sure consist": {"probability": {"neg": 0.4514489369539618, "neutral": 0.2611588421175765, "pos": 0.5485510630460382}, "label": "pos"}, "raagas has ever been i'm just saying that i feel, like my depression": {"probability": {"neg": 0.7283314871396742, "neutral": 0.3359008121763361, "pos": 0.27166851286032584}, "label": "neg"}, "wears is wearing off on her and i feel bad and i feel sad because i would never want someone to feel the way": {"probability": {"neg": 0.9028661534578655, "neutral": 0.11559477629392763, "pos": 0.09713384654213454}, "label": "neg"}, "i feel never": {"probability": {"neg": 0.6310423044617661, "neutral": 0.3570047158467878, "pos": 0.3689576955382339}, "label": "neg"}, "and when i see her cry and when i see her sad, it breaks my heart even more: it breaks my fucking heart": {"probability": {"neg": 0.6803197940813639, "neutral": 0.10481917416394591, "pos": 0.3196802059186361}, "label": "neg"}}