{"hi guys, i have some bad news": {"probability": {"neg": 0.8585189730275711, "neutral": 0.1192255722764833, "pos": 0.14148102697242887}, "label": "neg"}, "i want to tell you all": {"probability": {"neg": 0.5541967540889146, "neutral": 0.3380445687143898, "pos": 0.4458032459110854}, "label": "neg"}, "i have chronic heart rejection and i won't be here for as long as i thought, but i want to say this is that this has been an awesome ride and i have no regrets live life to the fullest because you never know what's going to happen, i just want to, i just want to thank all my family and friends": {"probability": {"neg": 0.43675458069783946, "neutral": 0.15918018915980756, "pos": 0.5632454193021605}, "label": "pos"}, "who've been in my life": {"probability": {"neg": 0.6438247690467964, "neutral": 0.42573432542710865, "pos": 0.3561752309532035}, "label": "neg"}, "please don't cry for me home, be okay! i do axl my fall, my friends to make sure my dad will be okay": {"probability": {"neg": 0.686248947742125, "neutral": 0.1255311913599939, "pos": 0.31375105225787503}, "label": "neg"}, "i miss you guys so much": {"probability": {"neg": 0.7071513916502712, "neutral": 0.27069802126500514, "pos": 0.29284860834972887}, "label": "neg"}, "i love you all": {"probability": {"neg": 0.3143081311518171, "neutral": 0.16187086012249, "pos": 0.6856918688481829}, "label": "pos"}, "i know this is bad news, but good news came as well": {"probability": {"neg": 0.761582598123505, "neutral": 0.1265366014774183, "pos": 0.23841740187649496}, "label": "neg"}, "i now have a girlfriend now called maddie and i'm so happy at the moment": {"probability": {"neg": 0.3189696084533259, "neutral": 0.08845166513020047, "pos": 0.6810303915466741}, "label": "pos"}, "nothing can bring me down": {"probability": {"neg": 0.6546506100925669, "neutral": 0.26760776798833924, "pos": 0.3453493899074332}, "label": "neg"}, "i hope i left footprints in all of your hearts because i'm going to miss you as old and i love you - dearly - bye, love from sean seal": {"probability": {"neg": 0.5863173595623192, "neutral": 0.33557517950944454, "pos": 0.4136826404376808}, "label": "neg"}}